sample_id,class_name,target,fold,temperature,T_low,T_high,tta_count,probability_mean,probability_std,probability_min,probability_max,probability_range,predictive_entropy_mean_probability,mean_three_band_state,tta_unique_state_count,tta_states_seen,band_instability,crosses_T_low,crosses_T_high,raw_identity,calibrated_identity,raw_rotate_minus_3,calibrated_rotate_minus_3,raw_rotate_plus_3,calibrated_rotate_plus_3,raw_translate_left_2pct,calibrated_translate_left_2pct,raw_translate_right_2pct,calibrated_translate_right_2pct,raw_translate_up_2pct,calibrated_translate_up_2pct,raw_translate_down_2pct,calibrated_translate_down_2pct,above_std_q95,above_range_q95,above_entropy_q95,engineering_uncertainty_candidate
no_0e2f7a4ea3e0124e,no,0,0,0.6907094023322218,0.13,0.57,7,0.3148727130681416,0.05367874599256174,0.22825598406271433,0.3967019852550865,0.16844600119237216,0.6229440736268019,INDETERMINATE,1,INDETERMINATE,False,False,False,0.3412838876247406,0.2784761921348701,0.3012374937534332,0.22825598406271433,0.4281107783317566,0.3967019852550865,0.41331222653388977,0.37586316028391487,0.37969687581062317,0.32946086138106995,0.36187559366226196,0.30550217056993834,0.3500184714794159,0.2898486377893969,False,False,False,False
no_219987922e3461ef,no,0,0,0.6907094023322218,0.13,0.57,7,0.2339001600614461,0.026518878263654257,0.2026330967993782,0.29059782830398434,0.08796473150460615,0.5439461718638818,INDETERMINATE,1,INDETERMINATE,False,False,False,0.31450411677360535,0.24452366373276166,0.30310747027397156,0.23052556763629634,0.35059019923210144,0.29059782830398434,0.29457995295524597,0.22023975924724362,0.3070347011089325,0.23531728691944603,0.2796466052532196,0.2026330967993782,0.2888855040073395,0.21346391779101265,False,False,False,False
no_220e62fca790bcec,no,0,0,0.6907094023322218,0.13,0.57,7,0.09859108781730481,0.015594538689481827,0.0794969481139939,0.1298192421067165,0.0503222939927226,0.3219762025837652,GBM_NOT_SUSPECTED,1,GBM_NOT_SUSPECTED,False,False,False,0.17098116874694824,0.092322115887768,0.1667880415916443,0.08876097009356092,0.21179912984371185,0.1298192421067165,0.16977182030677795,0.09128932778364861,0.1926884949207306,0.11163483456188028,0.17617979645729065,0.09681417617356546,0.1555541604757309,0.0794969481139939,False,False,False,False
no_29504dbbe42208cd,no,0,0,0.6907094023322218,0.13,0.57,7,0.16955950286745974,0.011731397543902513,0.1528165528667189,0.19015603020059801,0.0373394773338791,0.4551870607021297,INDETERMINATE,1,INDETERMINATE,False,False,False,0.24180516600608826,0.16049595744930747,0.260851114988327,0.18124402171937068,0.26877716183662415,0.19015603020059801,0.23451976478099823,0.1528165528667189,0.2520822286605835,0.1715725863898197,0.24650432169437408,0.16552568083765543,0.24611404538154602,0.16510569060874797,False,False,False,False
no_2d07d5dc31a6f83f,no,0,0,0.6907094023322218,0.13,0.57,7,0.19380564169633369,0.02191025803582797,0.1572738866494694,0.22272343000684197,0.06544954335737257,0.4916943687720764,INDETERMINATE,1,INDETERMINATE,False,False,False,0.2889404296875,0.21352891303444024,0.27447310090065,0.19665808373348778,0.2566151022911072,0.1765470281021231,0.2590761184692383,0.1792702165472149,0.23876513540744781,0.1572738866494694,0.2966516315937042,0.22272343000684197,0.2864915132522583,0.21063793380075846,False,False,False,False
no_42c0923d95ea398b,no,0,0,0.6907094023322218,0.13,0.57,7,0.47796453674306766,0.07269411137784287,0.3647985799460725,0.5716443368006774,0.20684575685460488,0.6921757426734267,INDETERMINATE,2,GBM_SUSPECTED|INDETERMINATE,True,False,True,0.5331613421440125,0.5479334777235318,0.48377710580825806,0.4765217384749036,0.5211786031723022,0.5306420128089799,0.4743513762950897,0.46290193813507097,0.5496640205383301,0.5716443368006774,0.42429593205451965,0.39130967331223776,0.405387818813324,0.3647985799460725,False,False,True,True
no_744e69af8593f89a,no,0,0,0.6907094023322218,0.13,0.57,7,0.12355027398562156,0.013655335486956289,0.09731246729851029,0.13824938385005034,0.040936916551540053,0.3739394848677576,GBM_NOT_SUSPECTED,2,GBM_NOT_SUSPECTED|INDETERMINATE,True,True,False,0.20010830461978912,0.11856614695015934,0.21181774139404297,0.12983747630367165,0.2140463888645172,0.1320282070419279,0.19412276148796082,0.11296176322148717,0.17675049602985382,0.09731246729851029,0.21794646978378296,0.13589647323354415,0.2202974557876587,0.13824938385005034,False,False,False,True
no_760138854027be6d,no,0,0,0.6907094023322218,0.13,0.57,7,0.20791972675754852,0.03032362059253102,0.16807130143351287,0.2431881613466034,0.07511685991309053,0.511187389330946,INDETERMINATE,1,INDETERMINATE,False,False,False,0.26441478729248047,0.1852312475085936,0.3116765022277832,0.24102437624318374,0.3097427189350128,0.23864111628464485,0.31342658400535583,0.2431881613466034,0.28036198019981384,0.20346443081135404,0.2559533417224884,0.17581745367494697,0.24886180460453033,0.16807130143351287,False,False,False,False
no_7e606d5851ec154e,no,0,0,0.6907094023322218,0.13,0.57,7,0.17688662271501757,0.034645358358252665,0.1318048321835718,0.2380711745353174,0.10626634235174559,0.46663954008567476,INDETERMINATE,1,INDETERMINATE,False,False,False,0.24983660876750946,0.16912822214375786,0.30927929282188416,0.2380711745353174,0.2724277973175049,0.1943140427145916,0.27680206298828125,0.1993397644008153,0.2506636679172516,0.17002692770066913,0.2175702303647995,0.13552139532639967,0.21381981670856476,0.1318048321835718,False,False,False,False
no_81f4b76bdbd241ba,no,0,0,0.6907094023322218,0.13,0.57,7,0.3074920309654699,0.033073796949307024,0.2629532952148799,0.34954052951715153,0.08658723430227161,0.6170792651207061,INDETERMINATE,1,INDETERMINATE,False,False,False,0.3291798532009125,0.2629532952148799,0.3642568290233612,0.3086744121832008,0.39249682426452637,0.3469585630696975,0.3943719267845154,0.34954052951715153,0.3798096477985382,0.3296140121407153,0.3369411528110504,0.2728744796926967,0.3438701033592224,0.2818289249399473,False,False,False,False
no_9b1014fc56b1e254,no,0,0,0.6907094023322218,0.13,0.57,7,0.18592987047383253,0.0170723066489316,0.16178041494067305,0.21347752988203544,0.05169711494136239,0.48026711733526506,INDETERMINATE,1,INDETERMINATE,False,False,False,0.24907313287258148,0.16830021757074193,0.2430105060338974,0.16178041494067305,0.2787540853023529,0.20159764235792563,0.28889700770378113,0.21347752988203544,0.26988089084625244,0.191409649447944,0.25597429275512695,0.17584053417714848,0.26784804463386536,0.18910310494035903,False,False,False,False
no_ab01efa9ce7ad51d,no,0,0,0.6907094023322218,0.13,0.57,7,0.14395551298711645,0.013472858532488526,0.12834875993345884,0.17333186716685686,0.04498310723339802,0.4120794176463761,INDETERMINATE,2,GBM_NOT_SUSPECTED|INDETERMINATE,True,True,False,0.2266312688589096,0.14466662187728282,0.22589550912380219,0.14391534853222926,0.2536909580230713,0.17333186716685686,0.21750198304653168,0.13545340223416172,0.21696367859840393,0.1349175719442772,0.2289605289697647,0.14705501922154837,0.21029481291770935,0.12834875993345884,False,False,False,True
no_bec663631a5dca91,no,0,0,0.6907094023322218,0.13,0.57,7,0.25082733078929137,0.052130964239568624,0.19414837270944266,0.3451316435071966,0.15098327079775395,0.5632422364604842,INDETERMINATE,1,INDETERMINATE,False,False,False,0.2722828984260559,0.19414837270944266,0.3911680281162262,0.3451316435071966,0.3346531391143799,0.26993758351806807,0.3373589813709259,0.2734118868618269,0.3390224874019623,0.27555476166120335,0.27372896671295166,0.19580406445080004,0.27893123030662537,0.2018030028165021,False,False,False,False
no_c8280173142dbe05,no,0,0,0.6907094023322218,0.13,0.57,7,0.12436349813241232,0.027491822723936202,0.1025453294586484,0.17810136428689327,0.07555603482824487,0.3755297310668818,GBM_NOT_SUSPECTED,2,GBM_NOT_SUSPECTED|INDETERMINATE,True,True,False,0.200436532497406,0.11887657349259227,0.18898802995681763,0.10824009273520764,0.184013232588768,0.10374212231803681,0.2580215334892273,0.17810136428689327,0.2352553904056549,0.15358536020060032,0.18591609597206116,0.1054536444349076,0.18267522752285004,0.1025453294586484,False,False,False,True
no_e34b6fd8d386909b,no,0,0,0.6907094023322218,0.13,0.57,7,0.22015715308801628,0.04187443476058788,0.16378337053093725,0.2998957689174352,0.13611239838649794,0.5271067928614178,INDETERMINATE,1,INDETERMINATE,False,False,False,0.3011530339717865,0.22815366006899937,0.3576497733592987,0.2998957689174352,0.30082616209983826,0.22775780180008648,0.29365912079811096,0.21913896494480228,0.30429431796073914,0.23197007920878993,0.2510069012641907,0.17040042614506326,0.24488279223442078,0.16378337053093725,False,False,False,False
yes_0f86705620b9fafe,yes,1,0,0.6907094023322218,0.13,0.57,7,0.6184324818694337,0.0714641877231814,0.4811194619633861,0.7055219542588239,0.2244024922954378,0.6648262904610056,GBM_SUSPECTED,2,GBM_SUSPECTED|INDETERMINATE,True,False,True,0.646455705165863,0.7055219542588239,0.48695579171180725,0.4811194619633861,0.5557445287704468,0.5803407603584043,0.5830984115600586,0.6191025757944172,0.5615196824073792,0.5885765160968948,0.6294201016426086,0.6828576991028004,0.6210171580314636,0.671508405511309,False,False,False,True
yes_13622753872a9c37,yes,1,0,0.6907094023322218,0.13,0.57,7,0.7757792226652133,0.09691072499522006,0.6242007464489249,0.8707931996342388,0.24659245318531398,0.5321983847968601,GBM_SUSPECTED,1,GBM_SUSPECTED,False,False,False,0.7200368046760559,0.7969991480830089,0.788826584815979,0.8707931996342388,0.7339047789573669,0.8128773684307535,0.5867334008216858,0.6242007464489249,0.5906739830970764,0.6297114514712582,0.7749536037445068,0.8569497726019515,0.7576490044593811,0.838922871986357,False,False,False,False
yes_423367d590285175,yes,1,0,0.6907094023322218,0.13,0.57,7,0.9063866324934257,0.026621701336947492,0.8724500867189795,0.9457948056636463,0.07334471894466676,0.3108190690100862,GBM_SUSPECTED,1,GBM_SUSPECTED,False,False,False,0.842600405216217,0.9190091104105828,0.8012472987174988,0.882712531661099,0.8494308590888977,0.9244832181212916,0.7945594787597656,0.8763512192532794,0.8781375288963318,0.9457948056636463,0.7905252575874329,0.8724500867189795,0.8487008810043335,0.923905455625101,False,False,False,False
yes_43d5e0b3752c017e,yes,1,0,0.6907094023322218,0.13,0.57,7,0.3677974797757432,0.055900760503878315,0.3001651697377471,0.45547038174694615,0.15530521200919906,0.6577730482093755,INDETERMINATE,1,INDETERMINATE,False,False,False,0.38770177960395813,0.34037713990376833,0.44612157344818115,0.42232553682258106,0.4692003130912781,0.45547038174694615,0.4362419545650482,0.40823821976457647,0.3862884044647217,0.3384431736737673,0.35785335302352905,0.3001651697377471,0.3649224042892456,0.30956273678081614,False,False,False,False
yes_46d0b280b7be26b5,yes,1,0,0.6907094023322218,0.13,0.57,7,0.7630138777528902,0.03701289093103873,0.6883614936752058,0.8197808622621814,0.13141936858697556,0.5475809212911444,GBM_SUSPECTED,1,GBM_SUSPECTED,False,False,False,0.6795566082000732,0.7480712499462115,0.7063441276550293,0.7808649149093336,0.7400696277618408,0.8197808622621814,0.703403890132904,0.7773432612585994,0.6879416704177856,0.7585040952489396,0.6335244178771973,0.6883614936752058,0.6958217024803162,0.7681712669697609,False,False,False,False
yes_5249365945e24fa9,yes,1,0,0.6907094023322218,0.13,0.57,7,0.6806274935211568,0.05089545210059789,0.5954003216813718,0.7643844766964699,0.16898415501509811,0.6263955655843725,GBM_SUSPECTED,1,GBM_SUSPECTED,False,False,False,0.6053063869476318,0.6500160573924942,0.5663183927536011,0.5954003216813718,0.6927217841148376,0.7643844766964699,0.6195062398910522,0.6694565274975229,0.6195796728134155,0.6695563287882018,0.6670316457748413,0.7322185532349845,0.6297940015792847,0.6833601893570519,False,False,False,False
yes_6a069b3d733eb11d,yes,1,0,0.6907094023322218,0.13,0.57,7,0.6697036405833005,0.11538716776621599,0.5094688839556079,0.8659875468748087,0.35651866291920087,0.6343883144349847,GBM_SUSPECTED,2,GBM_SUSPECTED|INDETERMINATE,True,False,True,0.5652177333831787,0.5938368159934913,0.708780825138092,0.7837683553460518,0.7839475274085999,0.8659875468748087,0.5487602353096008,0.5703496892998742,0.5065406560897827,0.5094688839556079,0.625495970249176,0.6775709501768687,0.6324648857116699,0.6869432424364013,False,False,False,True
yes_6c8b6e065bd3146d,yes,1,0,0.6907094023322218,0.13,0.57,7,0.44904506884989953,0.03110277927738087,0.4042693840726458,0.4996880873878375,0.0954187033151917,0.687945344568381,INDETERMINATE,1,INDETERMINATE,False,False,False,0.4454740583896637,0.4214000922567094,0.45936140418052673,0.4413057568583413,0.4629973769187927,0.44653514641860975,0.49978455901145935,0.4996880873878375,0.49017706513404846,0.4857804891953061,0.46146923303604126,0.4443365257598472,0.43344900012016296,0.4042693840726458,False,False,True,False
yes_76a496712d6d1d89,yes,1,0,0.6907094023322218,0.13,0.57,7,0.8710338980597186,0.022584720114119928,0.8403889200823492,0.896453636872105,0.056064716789755775,0.38441657235024485,GBM_SUSPECTED,1,GBM_SUSPECTED,False,False,False,0.759027361869812,0.8403889200823492,0.8118705153465271,0.8925415681839817,0.7596468925476074,0.8410461864603753,0.7758488655090332,0.8578597088608083,0.8103194236755371,0.8911277426231853,0.796090841293335,0.8778195233352246,0.8162052035331726,0.896453636872105,False,False,False,False
yes_79af84b55617f832,yes,1,0,0.6907094023322218,0.13,0.57,7,0.9025207085159621,0.021419542231526142,0.8603378925674738,0.9279384322138597,0.0676005396463859,0.3195088437796116,GBM_SUSPECTED,1,GBM_SUSPECTED,False,False,False,0.8049842715263367,0.8862089619433702,0.8272001147270203,0.9061160102793331,0.8538434505462646,0.9279384322138597,0.820746123790741,0.9004897806695158,0.7782984972000122,0.8603378925674738,0.8395021557807922,0.9164762153708206,0.8439189791679382,0.9200776665673611,False,False,False,False
yes_7e05b989db144b6a,yes,1,0,0.6907094023322218,0.13,0.57,7,0.37256450706232774,0.048147611584747375,0.3128634137539298,0.43623309108405245,0.12336967733012266,0.6603064607980869,INDETERMINATE,1,INDETERMINATE,False,False,False,0.3922770619392395,0.34665625771887604,0.4436042606830597,0.4187293566917723,0.4558298885822296,0.43623309108405245,0.44757160544395447,0.42439898412717103,0.3912223279476166,0.34520625273073774,0.3673907518386841,0.3128634137539298,0.3755662739276886,0.32386419332975497,False,False,False,False
yes_9d1b78b86d583a50,yes,1,0,0.6907094023322218,0.13,0.57,7,0.8192910343493206,0.03441753807170965,0.7737987899305009,0.8776846524589177,0.1038858625284168,0.4724668241517317,GBM_SUSPECTED,1,GBM_SUSPECTED,False,False,False,0.7172324061393738,0.7937309593093144,0.7004610896110535,0.7737987899305009,0.7173367142677307,0.7938528566244062,0.7430287599563599,0.8230598672639138,0.7757619619369507,0.8577714800899537,0.7959498763084412,0.8776846524589177,0.7359145879745483,0.8151386347682386,False,False,False,False
yes_9eab71b093450cfb,yes,1,0,0.6907094023322218,0.13,0.57,7,0.46261899535043943,0.03740884607427716,0.4304971026066544,0.543636836133433,0.11313973352677864,0.6903498922944085,INDETERMINATE,1,INDETERMINATE,False,False,False,0.45250487327575684,0.4314633848126544,0.4598933756351471,0.4420704483668516,0.48830896615982056,0.4830772553459256,0.4605397582054138,0.44299979483677476,0.4518307149410248,0.4304971026066544,0.5301805138587952,0.543636836133433,0.4755192697048187,0.46458814535078263,False,False,True,False
yes_adfe80b2b531e8b1,yes,1,0,0.6907094023322218,0.13,0.57,7,0.34671072397641894,0.07306334713752358,0.1906227976744554,0.4128005426512509,0.2221777449767955,0.6453866348022536,INDETERMINATE,1,INDETERMINATE,False,False,False,0.40916502475738525,0.3700637746194837,0.26918843388557434,0.1906227976744554,0.40313512086868286,0.3616663475859501,0.356329083442688,0.298149787390349,0.4171714186668396,0.3812764192121064,0.4391627609729767,0.41239539870133707,0.43944716453552246,0.4128005426512509,False,False,False,False
yes_be61ffcce791d840,yes,1,0,0.6907094023322218,0.13,0.57,7,0.5854445773564977,0.10471941741242866,0.49002781472218027,0.8352673734754973,0.345239558753317,0.678473717128395,GBM_SUSPECTED,2,GBM_SUSPECTED|INDETERMINATE,True,False,True,0.5427917242050171,0.56178779147136,0.5478396415710449,0.5690304482055161,0.7542329430580139,0.8352673734754973,0.49311164021492004,0.49002781472218027,0.5317984819412231,0.5459694588887972,0.5369555950164795,0.5533971742882633,0.5294837355613708,0.54263198044387,False,False,False,True
yes_becc758666799e37,yes,1,0,0.6907094023322218,0.13,0.57,7,0.7999697350039222,0.0497056445981435,0.7490596475646499,0.8905100598439543,0.14145041227930433,0.5004443768692919,GBM_SUSPECTED,1,GBM_SUSPECTED,False,False,False,0.7309579849243164,0.8095434269316264,0.7709769606590271,0.8528806739271652,0.8096442818641663,0.8905100598439543,0.7009524703025818,0.7743920006141148,0.6873553395271301,0.7577794115833768,0.6803459525108337,0.7490596475646499,0.6937336921691895,0.7656229245625682,False,False,False,False
yes_c367ea4f16ac06d6,yes,1,0,0.6907094023322218,0.13,0.57,7,0.31428281367928246,0.04655799356409423,0.27894343643749453,0.4240235246446909,0.14508008820719637,0.6224846577045988,INDETERMINATE,1,INDETERMINATE,False,False,False,0.3616950511932373,0.30526203537385516,0.3511420488357544,0.2913215194989617,0.44730910658836365,0.4240235246446909,0.3736874759197235,0.321327008858099,0.3499613404273987,0.2897738052926338,0.34164488315582275,0.27894343643749453,0.3496211767196655,0.289328365649242,False,False,False,False
yes_cc6d23e897ded38e,yes,1,0,0.6907094023322218,0.13,0.57,7,0.6911731600696882,0.0465080719386942,0.6160743160636247,0.7460241764435543,0.12994986037992962,0.6181587770027078,GBM_SUSPECTED,1,GBM_SUSPECTED,False,False,False,0.6371371746063232,0.6931837851138861,0.6580697894096375,0.7206870864574714,0.667412281036377,0.7327049150311576,0.6423555612564087,0.7001112895349666,0.6779250502586365,0.7460241764435543,0.5904699563980103,0.6294265518431578,0.5809438824653625,0.6160743160636247,False,False,False,False
yes_d977825f239ece41,yes,1,0,0.6907094023322218,0.13,0.57,7,0.5559273410393256,0.08617874417418438,0.39964436599432446,0.6956697703893105,0.2960254043949861,0.6868783351440078,INDETERMINATE,2,GBM_SUSPECTED|INDETERMINATE,True,False,True,0.6390058994293213,0.6956697703893105,0.5610495209693909,0.5879069649648583,0.43018847703933716,0.39964436599432446,0.5335797071456909,0.5485362289927397,0.5843769907951355,0.6208974020089013,0.5093020796775818,0.5134657258575808,0.5175318121910095,0.5253709290675644,False,False,True,True
yes_e5fde4fbf9480d56,yes,1,0,0.6907094023322218,0.13,0.57,7,0.7095799556043837,0.1183848723491559,0.5748421576141776,0.9182209934394049,0.3433788358252273,0.6025273553119777,GBM_SUSPECTED,1,GBM_SUSPECTED,False,False,False,0.6250699162483215,0.6769955353709606,0.7667126655578613,0.8484681214297698,0.8416323065757751,0.9182209934394049,0.6425706148147583,0.7003957956191424,0.6053937077522278,0.6501364338186313,0.5518979430198669,0.5748421576141776,0.568150520324707,0.5980006519385997,False,False,False,False
yes_ec5edf557c5a16b1,yes,1,0,0.6907094023322218,0.13,0.57,7,0.7109503103674013,0.03707530405780083,0.6554799465889178,0.7798103386410455,0.1243303920521277,0.6012985953998392,GBM_SUSPECTED,1,GBM_SUSPECTED,False,False,False,0.6617011427879333,0.7253780399506264,0.6580000519752502,0.7205967588199086,0.6092771887779236,0.6554799465889178,0.6611146330833435,0.7246220706722593,0.63277667760849,0.687360781945028,0.6298267841339111,0.6834042359540242,0.7054619193077087,0.7798103386410455,False,False,False,False
yes_f0a9643903d4281c,yes,1,0,0.6907094023322218,0.13,0.57,7,0.13845451319874058,0.03055544965583705,0.11252128804155616,0.2077403009551379,0.09521901291358174,0.40214802850468556,INDETERMINATE,2,GBM_NOT_SUSPECTED|INDETERMINATE,True,True,False,0.22091571986675262,0.13887077656226549,0.22857974469661713,0.14666352768817922,0.28402480483055115,0.2077403009551379,0.19364739954471588,0.11252128804155616,0.20574986934661865,0.12394623044498425,0.19449003040790558,0.11330254516660933,0.20801924169063568,0.12613692353245176,False,False,False,True
yes_f7a12e5d06d49c86,yes,1,0,0.6907094023322218,0.13,0.57,7,0.17955007013320193,0.010616702947832407,0.16458204086986905,0.1938949936960276,0.02931295282615856,0.4707105505778304,INDETERMINATE,1,INDETERMINATE,False,False,False,0.2514282166957855,0.17085931728122183,0.2567831873893738,0.17673251923448774,0.2519458532333374,0.17142376151421243,0.27206119894981384,0.1938949936960276,0.24562691152095795,0.16458204086986905,0.2670324742794037,0.18818064721076747,0.26967644691467285,0.19117721112582708,False,False,False,False
yes_fca2facace9e457a,yes,1,0,0.6907094023322218,0.13,0.57,7,0.8456814172829509,0.014178624256185577,0.8194501656072456,0.8642070186609867,0.04475685305374111,0.43012753761497846,GBM_SUSPECTED,1,GBM_SUSPECTED,False,False,False,0.782157301902771,0.8642070186609867,0.7749350070953369,0.8569308471314823,0.7691159248352051,0.8509611568439652,0.7397723197937012,0.8194501656072456,0.7532860636711121,0.8342485771732656,0.7716742157936096,0.8535973483457102,0.7590140700340271,0.8403748072180008,False,False,False,False
no_0975f3c288be418a,no,0,1,0.6917205930197166,0.13,0.57,7,0.13793041021627778,0.008931742804563419,0.12629270855238814,0.14998252473582654,0.023689816183438406,0.40118871816618573,INDETERMINATE,2,GBM_NOT_SUSPECTED|INDETERMINATE,True,True,False,0.22925110161304474,0.14767675717921672,0.22495919466018677,0.1432825677574531,0.22096720337867737,0.13924188824061562,0.2135433554649353,0.1318479827040632,0.20785781741142273,0.12629270855238814,0.20878109335899353,0.12718844234438112,0.23148338496685028,0.14998252473582654,False,False,False,True
no_10546b7ed6867429,no,0,1,0.6917205930197166,0.13,0.57,7,0.21619904580494947,0.040000970695851644,0.15270141804565682,0.2748328145571105,0.12213139651145369,0.5220549500555862,INDETERMINATE,1,INDETERMINATE,False,False,False,0.2340986579656601,0.15270141804565682,0.32886722683906555,0.2628485527372326,0.28635695576667786,0.21080083529028204,0.2679511606693268,0.18954640340727866,0.33824285864830017,0.2748328145571105,0.2698851227760315,0.19174067602049577,0.3031768798828125,0.2309226205765899,False,False,False,False
no_111aeacdd05f0a5d,no,0,1,0.6917205930197166,0.13,0.57,7,0.13121927623433244,0.013469873573050661,0.10497153404196105,0.14787410553230892,0.042902571490347874,0.3886979453089175,INDETERMINATE,2,GBM_NOT_SUSPECTED|INDETERMINATE,True,True,False,0.18505428731441498,0.10497153404196105,0.22787530720233917,0.1462625712479058,0.22944268584251404,0.14787410553230892,0.204351007938385,0.12291323274114455,0.21567286550998688,0.13395276217320481,0.21226002275943756,0.13058586513864326,0.21367210149765015,0.13197486276515874,False,False,False,True
no_1a7acec452891038,no,0,1,0.6917205930197166,0.13,0.57,7,0.7289362140326655,0.09758659185099473,0.6275933588686998,0.9035571522663977,0.27596379339769783,0.5843140373098681,GBM_SUSPECTED,1,GBM_SUSPECTED,False,False,False,0.6767323613166809,0.7442267565711471,0.5925208330154419,0.6321039770696834,0.6673282384872437,0.7323088345469381,0.589285671710968,0.6275933588686998,0.5990710854530334,0.641199849497513,0.8245737552642822,0.9035571522663977,0.7419716119766235,0.8215635694082795,False,False,False,False
no_3163618e3155c4d9,no,0,1,0.6917205930197166,0.13,0.57,7,0.17116673765407123,0.038702468660003146,0.12588511970148578,0.2561191159769315,0.1302339962754457,0.4577314090035449,INDETERMINATE,2,GBM_NOT_SUSPECTED|INDETERMINATE,True,True,False,0.25342780351638794,0.17337108148249566,0.22638867795467377,0.14474039518698276,0.20743684470653534,0.12588511970148578,0.25480207800865173,0.17487843181983437,0.3235425353050232,0.2561191159769315,0.23052522540092468,0.14899113081160195,0.2541675865650177,0.17418188859916633,False,False,False,True
no_3b098b0d2bee33d7,no,0,1,0.6917205930197166,0.13,0.57,7,0.11794047204665392,0.018621950522966446,0.09459193594372298,0.15481643725593863,0.060224501312215656,0.36280134195018987,GBM_NOT_SUSPECTED,2,GBM_NOT_SUSPECTED|INDETERMINATE,True,True,False,0.19651180505752563,0.11548989584536783,0.17329281568527222,0.09459193594372298,0.1917157918214798,0.11103871563929159,0.23612067103385925,0.15481643725593863,0.21252146363258362,0.13084259817077146,0.18010900914669037,0.10055516217901345,0.19944757223129272,0.11824855929247159,False,False,False,True
no_4e5a4979e0026611,no,0,1,0.6917205930197166,0.13,0.57,7,0.222063395275847,0.08177489089961947,0.03903837503172702,0.29990296449526177,0.26086458946353475,0.5295071535532021,INDETERMINATE,2,GBM_NOT_SUSPECTED|INDETERMINATE,True,True,False,0.2877955138683319,0.21249630639159392,0.0983361229300499,0.03903837503172702,0.2890550494194031,0.21398476492325602,0.34734538197517395,0.2866264358767842,0.29944127798080444,0.226398208473454,0.3391464650630951,0.2759967117388521,0.35745829343795776,0.29990296449526177,False,False,False,True
no_5cf2ebb7d8f93d79,no,0,1,0.6917205930197166,0.13,0.57,7,0.11147370980485614,0.012698627513357092,0.08984416473183301,0.12623182085086485,0.03638765611903183,0.34958543365582573,GBM_NOT_SUSPECTED,1,GBM_NOT_SUSPECTED,False,False,False,0.2070031315088272,0.1254657370811635,0.16774329543113708,0.08984416473183301,0.18479467928409576,0.10473782451588755,0.18627090752124786,0.1060695297269026,0.18512332439422607,0.10503371869082313,0.20437180995941162,0.12293317303651838,0.20779496431350708,0.12623182085086485,False,False,False,False
no_85d9aedf6609d558,no,0,1,0.6917205930197166,0.13,0.57,7,0.20256841645656257,0.06793483570824811,0.09657173542610854,0.2884845328131863,0.19191279738707778,0.5039424556318312,INDETERMINATE,2,GBM_NOT_SUSPECTED|INDETERMINATE,True,True,False,0.3333572447299957,0.26856668258920485,0.19631628692150116,0.11530708615267876,0.1755741983652115,0.09657173542610854,0.27966567873954773,0.2029790005524923,0.313852995634079,0.2440216170489205,0.2788633108139038,0.20204826061334635,0.3487689793109894,0.2884845328131863,False,False,False,True
no_958591875ea6906d,no,0,1,0.6917205930197166,0.13,0.57,7,0.09940523574111025,0.03466643532268287,0.06838942931742298,0.17772344715699337,0.10933401783957039,0.3237741740229757,GBM_NOT_SUSPECTED,2,GBM_NOT_SUSPECTED|INDETERMINATE,True,True,False,0.14894303679466248,0.07448994457260544,0.2573838233947754,0.17772344715699337,0.18181832134723663,0.10207315436558022,0.16301269829273224,0.08587386383634514,0.1889055222272873,0.10846272989387126,0.14105387032032013,0.06838942931742298,0.15439365804195404,0.07882408104495331,False,False,False,True
no_c9687992fb9b08ab,no,0,1,0.6917205930197166,0.13,0.57,7,0.14126811634854072,0.029172858882799642,0.11132198908762832,0.20212035355966057,0.09079836447203225,0.4072588225154563,INDETERMINATE,2,GBM_NOT_SUSPECTED|INDETERMINATE,True,True,False,0.23124870657920837,0.1497394713303823,0.27892550826072693,0.20212035355966057,0.208807572722435,0.12721416847050998,0.1950674057006836,0.11414208055242052,0.19202324748039246,0.11132198908762832,0.23669111728668213,0.15541514665106348,0.21056237816810608,0.12892360478811982,False,False,False,True
no_d7c5a293e3a86973,no,0,1,0.6917205930197166,0.13,0.57,7,0.11570322614982799,0.02258224251214595,0.07393576141950764,0.13719183638539895,0.0632560749658913,0.35827563549445707,GBM_NOT_SUSPECTED,2,GBM_NOT_SUSPECTED|INDETERMINATE,True,True,False,0.21604202687740326,0.13431896187892392,0.16910821199417114,0.0910028970724452,0.1482371687889099,0.07393576141950764,0.2189246118068695,0.13719183638539895,0.20552825927734375,0.12404371713134763,0.21578435599803925,0.13406331699611002,0.1963794082403183,0.11536609216506258,False,False,False,True
no_e5c87d653a311de0,no,0,1,0.6917205930197166,0.13,0.57,7,0.12968781323045855,0.015388996327536429,0.1130387515414605,0.15341765791628437,0.04037890637482387,0.3857928209599867,GBM_NOT_SUSPECTED,2,GBM_NOT_SUSPECTED|INDETERMINATE,True,True,False,0.20229056477546692,0.12094446019466494,0.23478460311889648,0.15341765791628437,0.23396794497966766,0.15256507875384487,0.19387999176979065,0.1130387515414605,0.20942431688308716,0.12781394632845866,0.20516850054264069,0.12369781803327089,0.19741618633270264,0.11633697984522577,False,False,False,True
no_f0b66b2ec894464a,no,0,1,0.6917205930197166,0.13,0.57,7,0.06495609106989753,0.013418456744774787,0.05099795206903492,0.08829080730602804,0.03729285523699311,0.240392017488374,GBM_NOT_SUSPECTED,1,GBM_NOT_SUSPECTED,False,False,False,0.11687807738780975,0.05099795206903492,0.1659025400876999,0.08829080730602804,0.12571437656879425,0.05712319047849591,0.15964901447296143,0.08309418723581183,0.1268046498298645,0.057897611665709614,0.12676317989826202,0.05786808111716938,0.12893261015415192,0.05942080761703297,False,False,False,False
no_f215d878500f122a,no,0,1,0.6917205930197166,0.13,0.57,7,0.1251147719053084,0.03173603969464757,0.09602358222326353,0.19407820452922533,0.0980546223059618,0.3769934368700373,GBM_NOT_SUSPECTED,2,GBM_NOT_SUSPECTED|INDETERMINATE,True,True,False,0.1828422248363495,0.10298676410744795,0.17585402727127075,0.09681569086222862,0.20553627610206604,0.12405142943639856,0.2719363868236542,0.19407820452922533,0.21932217478752136,0.13758992142372914,0.2057507336139679,0.12425781075486549,0.1749444156885147,0.09602358222326353,False,False,False,True
yes_0ec537e621f0f4d0,yes,1,1,0.6917205930197166,0.13,0.57,7,0.4076869094657731,0.17292654528178944,0.12278844912747099,0.6189199824654213,0.49613153333795035,0.6760055963847424,INDETERMINATE,3,GBM_NOT_SUSPECTED|GBM_SUSPECTED|INDETERMINATE,True,True,True,0.4918994903564453,0.48829044950711975,0.254337877035141,0.17436873014490795,0.20422080159187317,0.12278844912747099,0.5830876231193542,0.6189199824654213,0.5140329003334045,0.5202811441926741,0.4465349018573761,0.42302731915032665,0.504241943359375,0.5061322916724912,True,True,False,True
yes_156ecc9571f09415,yes,1,1,0.6917205930197166,0.13,0.57,7,0.8829347092860144,0.028880289894578273,0.8272418465427518,0.9267412081223888,0.09949936157963701,0.3610367182587638,GBM_SUSPECTED,1,GBM_SUSPECTED,False,False,False,0.7471323013305664,0.8272418465427518,0.7983579635620117,0.8796726218898148,0.7894673943519592,0.8711054726248851,0.8526279330253601,0.9267412081223888,0.813449501991272,0.8936775020317964,0.8268645405769348,0.9055440192393535,0.795100212097168,0.87656029455111,False,False,False,False
yes_234a90d917bf3e4a,yes,1,1,0.6917205930197166,0.13,0.57,7,0.7008579222439238,0.09037551780516673,0.6148210431541931,0.9070309264836641,0.29220988332947107,0.6101356329630944,GBM_SUSPECTED,1,GBM_SUSPECTED,False,False,False,0.6127108335494995,0.6599698999831304,0.5977755188941956,0.6394048086105625,0.8285914063453674,0.9070309264836641,0.5801683664321899,0.6148210431541931,0.6605332493782043,0.723590374204101,0.6394902467727661,0.6960565855337413,0.6164937019348145,0.6651318177380743,False,False,False,False
yes_3c09eb1b78644267,yes,1,1,0.6917205930197166,0.13,0.57,7,0.9098339169057911,0.032576361802586384,0.8357949840203763,0.9373703633124592,0.10157537929208282,0.3029219104406491,GBM_SUSPECTED,1,GBM_SUSPECTED,False,False,False,0.8341118097305298,0.9117212598776477,0.8666531443595886,0.9373703633124592,0.8528096079826355,0.9268830622076735,0.8640746474266052,0.9354655121781055,0.7550286650657654,0.8357949840203763,0.8461976647377014,0.9216507939884397,0.8204637169837952,0.8999514427558355,False,False,False,False
yes_4701c1a80ad7fb1a,yes,1,1,0.6917205930197166,0.13,0.57,7,0.607694068216384,0.043940586658860505,0.5664597318160617,0.7007333810559199,0.13427364923985818,0.669768390667433,GBM_SUSPECTED,2,GBM_SUSPECTED|INDETERMINATE,True,False,True,0.5461137890815735,0.5664597318160617,0.5465651154518127,0.5671061130179053,0.5553929805755615,0.5797239282477649,0.5656749606132507,0.5943516165236807,0.5908316969871521,0.6297503598918803,0.6430233716964722,0.7007333810559199,0.5808175802230835,0.6157333469614759,False,False,False,True
yes_599db29f5d7660df,yes,1,1,0.6917205930197166,0.13,0.57,7,0.7263803432031363,0.22013333398140553,0.3017934741574944,0.8736127179812097,0.5718192438237153,0.5868258886057123,GBM_SUSPECTED,2,GBM_SUSPECTED|INDETERMINATE,True,False,True,0.7724663615226746,0.8540878137119026,0.47929009795188904,0.470078961480169,0.35888752341270447,0.3017934741574944,0.7920445799827576,0.8736127179812097,0.7900369763374329,0.8716612607189742,0.7658455967903137,0.8472404229719978,0.7844688892364502,0.8661877514002064,True,True,False,True
yes_6d94988b43d92df8,yes,1,1,0.6917205930197166,0.13,0.57,7,0.7049833506721155,0.10382346761118659,0.48793144747431444,0.8142355295335683,0.3263040820592538,0.6065826024809933,GBM_SUSPECTED,2,GBM_SUSPECTED|INDETERMINATE,True,False,True,0.6166807413101196,0.6653865246811493,0.7081692218780518,0.782721974259751,0.49165108799934387,0.48793144747431444,0.695305585861206,0.7672305636514105,0.612162709236145,0.6592203205200443,0.7354016900062561,0.8142355295335683,0.687908947467804,0.7581570945845699,False,False,False,True
yes_7a2b0e735ffe47bf,yes,1,1,0.6917205930197166,0.13,0.57,7,0.7451256831262935,0.09886080922686655,0.5519193466944314,0.8795987884517938,0.3276794417573624,0.5676270432169539,GBM_SUSPECTED,2,GBM_SUSPECTED|INDETERMINATE,True,False,True,0.6169307231903076,0.6657268685769148,0.6900274157524109,0.7607678989496569,0.7982802987098694,0.8795987884517938,0.737872302532196,0.8170041494003308,0.6994144916534424,0.7722192507232447,0.6964662075042725,0.7686434790876826,0.535981297492981,0.5519193466944314,False,False,False,True
yes_80b55144133cf5dd,yes,1,1,0.6917205930197166,0.13,0.57,7,0.4356987876073643,0.08892558200683429,0.35130205148856125,0.5971000164982382,0.24579796500967693,0.6848549428601948,INDETERMINATE,2,GBM_SUSPECTED|INDETERMINATE,True,False,True,0.5676133632659912,0.5971000164982382,0.5325191617012024,0.5469398121692521,0.4380393624305725,0.41092330428086676,0.4245784878730774,0.39186192346901144,0.3955010175704956,0.35130205148856125,0.41861268877983093,0.38346638846293823,0.4077678322792053,0.36829801688268193,False,False,True,True
yes_839960129c2d2391,yes,1,1,0.6917205930197166,0.13,0.57,7,0.3360520300042281,0.09249454068038834,0.25763466898065257,0.48919373208382144,0.23155906310316887,0.6383820172448181,INDETERMINATE,1,INDETERMINATE,False,False,False,0.3896791636943817,0.34330148873522365,0.34067246317863464,0.27796575652928157,0.3276650309562683,0.2613242520940757,0.3278176188468933,0.26151756420481254,0.32474565505981445,0.25763466898065257,0.47329041361808777,0.4614267474017298,0.49252447485923767,0.48919373208382144,False,False,False,False
yes_86c524a536b573b0,yes,1,1,0.6917205930197166,0.13,0.57,7,0.255129645541795,0.0492374335595988,0.16762049575612023,0.31682462705009296,0.14920413129397272,0.5679007837071338,INDETERMINATE,1,INDETERMINATE,False,False,False,0.37016236782073975,0.31682462705009296,0.2804640829563141,0.2039066824392688,0.24814285337924957,0.16762049575612023,0.33228111267089844,0.26719262566621993,0.3164481818675995,0.2472426112274099,0.35354411602020264,0.29474324595679124,0.3486868441104889,0.28837723069666216,False,False,False,False
yes_8982b5de68ff551f,yes,1,1,0.6917205930197166,0.13,0.57,7,0.7206674833046207,0.22624640793116355,0.2930888662415706,0.8861590178287687,0.5930701515871981,0.5923217995593849,GBM_SUSPECTED,2,GBM_SUSPECTED|INDETERMINATE,True,False,True,0.805256187915802,0.8861590178287687,0.4625413715839386,0.44595744998770237,0.35228484869003296,0.2930888662415706,0.7576914429664612,0.838641838422642,0.7661641836166382,0.8475726893412825,0.7833619713783264,0.8650889931890858,0.7864683270454407,0.8681635281212935,True,True,False,True
yes_a4bb0592d8506207,yes,1,1,0.6917205930197166,0.13,0.57,7,0.21048100221647825,0.0918498238915188,0.11520067980920407,0.4144050605372595,0.29920438072805544,0.5145932657717963,INDETERMINATE,2,GBM_NOT_SUSPECTED|INDETERMINATE,True,True,False,0.3124013841152191,0.24222616392774593,0.19620242714881897,0.11520067980920407,0.2576535642147064,0.17802168980421154,0.281261146068573,0.20483433408838178,0.4404869079589844,0.4144050605372595,0.2616296410560608,0.18243959738980325,0.21797168254852295,0.1362394899587419,False,False,False,True
yes_a782a621062fc811,yes,1,1,0.6917205930197166,0.13,0.57,7,0.7703990655985361,0.04635374115163769,0.6842256708478471,0.8301329102842454,0.14590723943639827,0.5387936962656916,GBM_SUSPECTED,1,GBM_SUSPECTED,False,False,False,0.726351797580719,0.80396312492014,0.6918866634368896,0.763051290304526,0.7318028807640076,0.8101750503861985,0.6946760416030884,0.7664629309923796,0.630620539188385,0.6842256708478471,0.7497844099998474,0.8301329102842454,0.6692688465118408,0.7347824814544165,False,False,False,False
yes_a89a5d4ea98af15a,yes,1,1,0.6917205930197166,0.13,0.57,7,0.37922461542626934,0.04223248109404472,0.331923294926596,0.4423627754025492,0.1104394804759532,0.6636832621490717,INDETERMINATE,1,INDETERMINATE,False,False,False,0.3813415467739105,0.331923294926596,0.38804277777671814,0.34106079566374586,0.4338969588279724,0.40504115442796207,0.4512171745300293,0.4297194710720583,0.46003854274749756,0.4423627754025492,0.4020383656024933,0.36033719944411957,0.3902818262577057,0.3441276170468544,False,False,False,False
yes_b0d3c2da527816a2,yes,1,1,0.6917205930197166,0.13,0.57,7,0.8959644671625332,0.038338075555485525,0.8397626011472512,0.9517520359298824,0.11198943478263124,0.33386053039675573,GBM_SUSPECTED,1,GBM_SUSPECTED,False,False,False,0.7680698037147522,0.8495542974275879,0.7587446570396423,0.8397626011472512,0.8872222900390625,0.9517520359298824,0.807220995426178,0.8879804842439732,0.850765585899353,0.9252808164351938,0.8106860518455505,0.8911643794611843,0.8520084023475647,0.9262566554926593,False,False,False,False
yes_bc6792d845a930da,yes,1,1,0.6917205930197166,0.13,0.57,7,0.8496355144560226,0.030127706277354695,0.8082224552191957,0.8901018133235812,0.08187935810438551,0.4233408041830584,GBM_SUSPECTED,1,GBM_SUSPECTED,False,False,False,0.7300824522972107,0.8082224552191957,0.8078795671463013,0.8885884100920104,0.7347615361213684,0.813515637937223,0.759445309638977,0.8405065328494009,0.7774466872215271,0.8591580452106383,0.7659561038017273,0.847355706560109,0.8095252513885498,0.8901018133235812,False,False,False,False
yes_d9f1ab1674e26c52,yes,1,1,0.6917205930197166,0.13,0.57,7,0.9657119002138199,0.013905387074995031,0.945462187020364,0.9856970470585726,0.04023486003820864,0.14934571047106276,GBM_SUSPECTED,1,GBM_SUSPECTED,False,False,False,0.8972377777099609,0.9582187223934048,0.8779679536819458,0.945462187020364,0.8987152576446533,0.9591422383495908,0.9492120146751404,0.9856970470585726,0.9265081882476807,0.9750030956247049,0.9394832253456116,0.9813781110421153,0.8923102617263794,0.9550819000079872,False,False,False,False
yes_e1bc386b0834dc6d,yes,1,1,0.6917205930197166,0.13,0.57,7,0.5755919376372013,0.15143129526868113,0.28122391367415567,0.7267892699218423,0.4455653562476867,0.6816749603078754,GBM_SUSPECTED,2,GBM_SUSPECTED|INDETERMINATE,True,False,True,0.6630184650421143,0.7267892699218423,0.34319019317626953,0.28122391367415567,0.5883777737617493,0.6263254417326264,0.633734405040741,0.6883935039909957,0.452772855758667,0.43194595688950277,0.5528509616851807,0.5760957318387495,0.6412357687950134,0.6983697454125373,True,True,False,True
yes_f010698cbecf8c85,yes,1,1,0.6917205930197166,0.13,0.57,7,0.8866420759523818,0.027404830457694138,0.8492158454901567,0.93369068924613,0.08447484375597325,0.35347880484295996,GBM_SUSPECTED,1,GBM_SUSPECTED,False,False,False,0.7677436470985413,0.8492158454901567,0.7930769920349121,0.8746116788521071,0.7788293361663818,0.8605532592837551,0.7956140637397766,0.8770532851202821,0.8616989254951477,0.93369068924613,0.8274909853935242,0.9060844963110831,0.826565146446228,0.905285277363158,False,False,False,False
yes_f23446d4245ca399,yes,1,1,0.6917205930197166,0.13,0.57,7,0.9274774003369429,0.018620549160833517,0.894465428269525,0.9536001576090428,0.0591347293395178,0.26011578699023974,GBM_SUSPECTED,1,GBM_SUSPECTED,False,False,False,0.8856950998306274,0.9507346956890872,0.846656322479248,0.9220183477537507,0.8143212199211121,0.894465428269525,0.8535254001617432,0.9274409055445703,0.8900288343429565,0.9536001576090428,0.8511484265327454,0.9255819561873905,0.8423005938529968,0.9185003113052342,False,False,False,False
yes_f71bc49ecd44121e,yes,1,1,0.6917205930197166,0.13,0.57,7,0.2804274725354859,0.05701727201119816,0.20819661873416223,0.3587832304685321,0.15058661173436988,0.5933565957806128,INDETERMINATE,1,INDETERMINATE,False,False,False,0.28697943687438965,0.2115338890302287,0.39383772015571594,0.3490117973135433,0.3165455758571625,0.24736376621729345,0.2841392457485199,0.20819661873416223,0.3410661220550537,0.2784744113136522,0.3647838234901428,0.30962859467098924,0.4009166955947876,0.3587832304685321,False,False,False,False
yes_f81cb097ee26c6ff,yes,1,1,0.6917205930197166,0.13,0.57,7,0.6230957914443226,0.06394635859103623,0.511873740338302,0.7020451470092264,0.19017140667092436,0.6625282264048571,GBM_SUSPECTED,2,GBM_SUSPECTED|INDETERMINATE,True,False,True,0.644017219543457,0.7020451470092264,0.5716826319694519,0.6028593292169133,0.6116703748703003,0.658546687423513,0.6387393474578857,0.6950599403184122,0.5870884656906128,0.6245233315575834,0.5082141160964966,0.511873740338302,0.5463250875473022,0.5667623642463077,False,False,False,True
yes_ff10ebea461d8636,yes,1,1,0.6917205930197166,0.13,0.57,7,0.32071748248209986,0.03952463696809003,0.27562657048496403,0.408580972262311,0.13295440177734696,0.6274090932424008,INDETERMINATE,1,INDETERMINATE,False,False,False,0.3640834391117096,0.3086949354611176,0.3720579743385315,0.31937158639994606,0.4363909661769867,0.408580972262311,0.37233680486679077,0.31974669306646386,0.3756837546825409,0.3242585158453703,0.3489668667316437,0.28874310385452595,0.3388592302799225,0.27562657048496403,False,False,False,False
no_0223943a2b28b7ae,no,0,2,0.6625711767646172,0.13,0.57,7,0.15913382928945827,0.05931826187985385,0.07203694928450792,0.23671952563379564,0.16468257634928773,0.43823077560619694,INDETERMINATE,2,GBM_NOT_SUSPECTED|INDETERMINATE,True,True,False,0.20147843658924103,0.11121526274131482,0.1553281992673874,0.07203694928450792,0.2988889515399933,0.21639555232890678,0.300896555185318,0.2188527207997744,0.3152463138103485,0.23671952563379564,0.22783611714839935,0.1367945887759506,0.21279679238796234,0.12192220546195777,False,False,False,True
no_173a41b949f0af0e,no,0,2,0.6625711767646172,0.13,0.57,7,0.03090239266458563,0.00862744096551188,0.0183618759019142,0.04274785294412034,0.02438597704220614,0.13786511645370703,GBM_NOT_SUSPECTED,1,GBM_NOT_SUSPECTED,False,False,False,0.09827042371034622,0.034044832351263744,0.06683625280857086,0.0183618759019142,0.0671396404504776,0.018494396625619827,0.11306922137737274,0.04274785294412034,0.10089334845542908,0.03552706163307205,0.09106206893920898,0.030106792096010512,0.10351375490427017,0.03703393710009869,False,False,False,False
no_1db0e714ae03db2f,no,0,2,0.6625711767646172,0.13,0.57,7,0.1350467590854854,0.017910094675641572,0.1043128445048026,0.1518273466955735,0.047514502190770885,0.3958690039205758,INDETERMINATE,2,GBM_NOT_SUSPECTED|INDETERMINATE,True,True,False,0.21119298040866852,0.12037942658945851,0.2423482984304428,0.1518273466955735,0.19393233954906464,0.1043128445048026,0.23729872703552246,0.14652186833874806,0.24087952077388763,0.1502759752901199,0.2120419591665268,0.12119505026502653,0.2413903772830963,0.1508148019146688,False,False,False,True
no_3c3bdbcf86cd640b,no,0,2,0.6625711767646172,0.13,0.57,7,0.07574882646347517,0.010682060557291057,0.059849052439568576,0.09638373207795105,0.03653467963838247,0.2682617151242429,GBM_NOT_SUSPECTED,1,GBM_NOT_SUSPECTED,False,False,False,0.1849929690361023,0.09638373207795105,0.1594397872686386,0.07522847773649338,0.1513841599225998,0.06903156888333835,0.1614806354045868,0.07683471893919104,0.16851253807544708,0.08248073581676885,0.15323294699192047,0.07043349935101502,0.1388513296842575,0.059849052439568576,False,False,False,False
no_5e984e1fb53f9917,no,0,2,0.6625711767646172,0.13,0.57,7,0.1076204522688822,0.02927444449924285,0.07345630560875546,0.1609667811443947,0.08751047553563923,0.34151121536986634,GBM_NOT_SUSPECTED,2,GBM_NOT_SUSPECTED|INDETERMINATE,True,True,False,0.16447365283966064,0.07921675613498419,0.21568700671195984,0.12472361443608423,0.1944848895072937,0.1048117955970795,0.21688346564769745,0.12589125927791453,0.25087714195251465,0.1609667811443947,0.1707054227590561,0.08427665368296282,0.15716621279716492,0.07345630560875546,False,False,False,True
no_7bd4d5d58606af2e,no,0,2,0.6625711767646172,0.13,0.57,7,0.061824926090383404,0.007495659009837464,0.05278042273108555,0.07686887602392568,0.024088453292840137,0.2319596226789325,GBM_NOT_SUSPECTED,1,GBM_NOT_SUSPECTED,False,False,False,0.14514808356761932,0.06439236128634884,0.13957218825817108,0.06036195751891725,0.16152383387088776,0.07686887602392568,0.13882337510585785,0.05982919988886445,0.1286327838897705,0.05278042273108555,0.14559608697891235,0.06472102279605327,0.13017158210277557,0.053820642387488744,False,False,False,False
no_7f77955933dac2ac,no,0,2,0.6625711767646172,0.13,0.57,7,0.05391732761274965,0.008793112227901434,0.04490347488430834,0.07440981609256586,0.02950634120825752,0.20989189079809428,GBM_NOT_SUSPECTED,1,GBM_NOT_SUSPECTED,False,False,False,0.12352298200130463,0.0493882659767762,0.15839239954948425,0.07440981609256586,0.11653324961662292,0.04490347488430834,0.1300448179244995,0.053734624467013783,0.1251320093870163,0.05044611445915894,0.12936316430568695,0.05327308047566115,0.1263691484928131,0.05126591693376333,False,False,False,False
no_91eb18f61d813028,no,0,2,0.6625711767646172,0.13,0.57,7,0.11862883125481552,0.015907847248448407,0.08342431884298926,0.13566828678985796,0.0522439679468687,0.3641841018431238,GBM_NOT_SUSPECTED,2,GBM_NOT_SUSPECTED|INDETERMINATE,True,True,False,0.20524533092975616,0.11473177707699088,0.16966722905635834,0.08342431884298926,0.2267223447561264,0.13566828678985796,0.20945698022842407,0.1187189775007229,0.21013103425502777,0.11936252352763028,0.21981637179851532,0.1287731426294435,0.22077669203281403,0.12972279241607385,False,False,False,True
no_971b1ba3120ce311,no,0,2,0.6625711767646172,0.13,0.57,7,0.08373540515311596,0.02060096410347388,0.05535964953895034,0.12172089463855632,0.06636124509960598,0.28779905256586125,GBM_NOT_SUSPECTED,1,GBM_NOT_SUSPECTED,False,False,False,0.1650959700345993,0.07971596905303792,0.21258801221847534,0.12172089463855632,0.18545091152191162,0.096783343021635,0.1584685891866684,0.07446923750728336,0.18143874406814575,0.09330652540518188,0.1324252337217331,0.05535964953895034,0.14569300413131714,0.064792216907167,False,False,False,False
no_9c54a8ba366d8a98,no,0,2,0.6625711767646172,0.13,0.57,7,0.11781885140455481,0.06597223209622814,0.03882210388193363,0.2532349086415658,0.21441280475963215,0.3625565604329912,GBM_NOT_SUSPECTED,2,GBM_NOT_SUSPECTED|INDETERMINATE,True,True,False,0.24899128079414368,0.15892677706742053,0.20336772501468658,0.11297309616931189,0.10656643658876419,0.03882210388193363,0.32815834879875183,0.2532349086415658,0.1367047280073166,0.058332793129273926,0.183036670088768,0.09468466069033055,0.1977243572473526,0.10775762025204728,False,False,False,True
no_b85ca032439975a9,no,0,2,0.6625711767646172,0.13,0.57,7,0.16129597587754604,0.04073220263747206,0.11265879741483409,0.23026171402890544,0.11760291661407135,0.4418126682485876,INDETERMINATE,2,GBM_NOT_SUSPECTED|INDETERMINATE,True,True,False,0.29380089044570923,0.210216032097032,0.3101082146167755,0.23026171402890544,0.24498265981674194,0.15462652169086288,0.24668638408184052,0.1564481910123935,0.23672789335250854,0.1459270959554546,0.20968182384967804,0.1189334789433397,0.20303085446357727,0.11265879741483409,False,False,False,True
no_bbff47f934ea4633,no,0,2,0.6625711767646172,0.13,0.57,7,0.4769247308500914,0.09780142517777081,0.29212149458046727,0.6280062480202847,0.33588475343981744,0.6920818661152068,INDETERMINATE,2,GBM_SUSPECTED|INDETERMINATE,True,False,True,0.5440647602081299,0.5662862027104474,0.4760253429412842,0.46385113789915094,0.5858827829360962,0.6280062480202847,0.4937450587749481,0.4905602228201912,0.35745128989219666,0.29212149458046727,0.46956080198287964,0.45413142053139416,0.46248579025268555,0.4435163893887048,False,False,True,True
no_cca6c02571d544a6,no,0,2,0.6625711767646172,0.13,0.57,7,0.07795384430801723,0.014565784958060067,0.04692398547696555,0.09189526786322223,0.04497128238625668,0.27374328255915004,GBM_NOT_SUSPECTED,1,GBM_NOT_SUSPECTED,False,False,False,0.15177710354328156,0.06932852312562983,0.11971712857484818,0.04692398547696555,0.17630092799663544,0.08893464153957006,0.1610698699951172,0.07651025304116515,0.17296433448791504,0.0861440711856031,0.17271871864795685,0.08594016792396472,0.17979182302951813,0.09189526786322223,False,False,False,False
no_e615defa5c0de164,no,0,2,0.6625711767646172,0.13,0.57,7,0.22739663814305197,0.03028578564985259,0.18768253254310208,0.2765655189651373,0.08888298642203524,0.5361114845871701,INDETERMINATE,1,INDETERMINATE,False,False,False,0.33713385462760925,0.2649479047527093,0.34590160846710205,0.2765655189651373,0.30855774879455566,0.22832611820629287,0.3020894527435303,0.22031776381394888,0.28433236479759216,0.19890271401066348,0.2747292220592499,0.18768253254310208,0.29777267575263977,0.21503391470951017,False,False,False,False
no_f1db26614acae672,no,0,2,0.6625711767646172,0.13,0.57,7,0.03788928721542616,0.006962127417146958,0.0276733073270214,0.05189175021233585,0.02421844288531445,0.1611771751399861,GBM_NOT_SUSPECTED,1,GBM_NOT_SUSPECTED,False,False,False,0.1273079365491867,0.05189175021233585,0.08641312271356583,0.0276733073270214,0.09909460693597794,0.034507762989067,0.11161275953054428,0.0418548452204812,0.10404300689697266,0.037341438380886195,0.09916388988494873,0.0345467959829901,0.10415923595428467,0.037409110395201346,False,False,False,False
yes_22acd08bd4f3ff6d,yes,1,2,0.6625711767646172,0.13,0.57,7,0.8554992941701158,0.03620351819581572,0.7814374138024932,0.9023136063758381,0.12087619257334492,0.4130501925455638,GBM_SUSPECTED,1,GBM_SUSPECTED,False,False,False,0.8135172128677368,0.9023136063758381,0.7772023677825928,0.8682690295172488,0.765607476234436,0.8564955961322223,0.6993400454521179,0.7814374138024932,0.7439752221107483,0.833410109813537,0.7930024266242981,0.8836164580828691,0.7719146609306335,0.8629528454666024,False,False,False,False
yes_279ccefd120d2f24,yes,1,2,0.6625711767646172,0.13,0.57,7,0.8758306536784409,0.04732101459723821,0.8045729651511935,0.9588134335025401,0.15424046835134664,0.3751506236044555,GBM_SUSPECTED,1,GBM_SUSPECTED,False,False,False,0.7867918610572815,0.8776807481262447,0.8200178742408752,0.9079421348733431,0.8894857168197632,0.9588134335025401,0.7885431051254272,0.8793672802388244,0.787297785282135,0.8781690062150064,0.7357572317123413,0.8242690076419356,0.7186188101768494,0.8045729651511935,False,False,False,False
yes_2b8f8b25dbe4563c,yes,1,2,0.6625711767646172,0.13,0.57,7,0.9124949913371179,0.05903508097245478,0.8021456816825229,0.9698461905345804,0.16770050885205756,0.2967269994835534,GBM_SUSPECTED,1,GBM_SUSPECTED,False,False,False,0.8402150869369507,0.9245009196370064,0.7557721138000488,0.8461776562505064,0.716555655002594,0.8021456816825229,0.8532699942588806,0.9344439155590548,0.8662301301956177,0.94371332106706,0.9088496565818787,0.9698461905345804,0.9029524326324463,0.9666372546290938,False,False,False,False
yes_2e8e5db146be404d,yes,1,2,0.6625711767646172,0.13,0.57,7,0.9065163173324678,0.028836185878776267,0.8654213102486883,0.9577202147728738,0.09229890452418554,0.3105245473108123,GBM_SUSPECTED,1,GBM_SUSPECTED,False,False,False,0.8226214051246643,0.9101558555635949,0.8026729226112366,0.8926055378748559,0.7967749834060669,0.8871600960794365,0.8876925706863403,0.9577202147728738,0.854686975479126,0.9354867191636326,0.807598888874054,0.8970644876241927,0.774358868598938,0.8654213102486883,False,False,False,False
yes_2fcfad6defbc064b,yes,1,2,0.6625711767646172,0.13,0.57,7,0.8457586123334322,0.02506866505630256,0.7927194880793315,0.8736344897122378,0.08091500163290632,0.42999619646423404,GBM_SUSPECTED,1,GBM_SUSPECTED,False,False,False,0.7580584287643433,0.8486029198232428,0.7826319336891174,0.8736344897122378,0.7708181142807007,0.861839243305205,0.7086364030838013,0.7927194880793315,0.7472302913665771,0.8369751254319652,0.7754725813865662,0.8665397576472393,0.7500146627426147,0.839999262334803,False,False,False,False
yes_370b20ef332e8a98,yes,1,2,0.6625711767646172,0.13,0.57,7,0.7358557696533682,0.03660738616766591,0.6956127532741647,0.7853171907219124,0.0897044374477477,0.577347171479047,GBM_SUSPECTED,1,GBM_SUSPECTED,False,False,False,0.7025156021118164,0.7853171907219124,0.6346649527549744,0.6971038085834799,0.6512084603309631,0.7195684439306503,0.6335809230804443,0.6956127532741647,0.6429582238197327,0.7084347970588325,0.6981821656227112,0.7800161488724788,0.6860668659210205,0.7649372451320585,False,False,False,False
yes_3823fa4265917a74,yes,1,2,0.6625711767646172,0.13,0.57,7,0.4792803319050332,0.09912255783104985,0.3528744011212483,0.6407496680485468,0.28787526692729853,0.6922883253624266,INDETERMINATE,2,GBM_SUSPECTED|INDETERMINATE,True,False,True,0.5427287220954895,0.564289095462072,0.42793911695480347,0.3921966520431596,0.40087950229644775,0.3528744011212483,0.45761966705322266,0.43623186942610837,0.4424004554748535,0.41355604097032483,0.5946872234344482,0.6407496680485468,0.5365673899650574,0.5550645962637729,False,False,True,True
yes_3aca2acadb402b7f,yes,1,2,0.6625711767646172,0.13,0.57,7,0.20418295278343063,0.055415365209608554,0.12807789476813677,0.2769140287422975,0.1488361339741607,0.5061468316729681,INDETERMINATE,2,GBM_NOT_SUSPECTED|INDETERMINATE,True,True,False,0.27621567249298096,0.18940225357355878,0.33295267820358276,0.25946836931552963,0.24582359194755554,0.15552455779971583,0.33217260241508484,0.2584504960137204,0.34616267681121826,0.2769140287422975,0.25131601095199585,0.16144306927105553,0.2191113978624344,0.12807789476813677,False,False,False,True
yes_40acbff027d24bd1,yes,1,2,0.6625711767646172,0.13,0.57,7,0.266320134202919,0.043099428029090676,0.21242287591267173,0.3057951013545843,0.09337222544191259,0.5795643117422785,INDETERMINATE,1,INDETERMINATE,False,False,False,0.3641820549964905,0.3013127695493373,0.3674411177635193,0.3057951013545843,0.30006322264671326,0.21783148983267653,0.3015347123146057,0.21963600201865377,0.2956244945526123,0.21242287591267173,0.36514705419540405,0.30263784210388633,0.3665771484375,0.3046048586486232,False,False,False,False
yes_73c350c62520a00c,yes,1,2,0.6625711767646172,0.13,0.57,7,0.917956195995699,0.030226630842609542,0.8528997135220395,0.9457054117631837,0.09280569824114415,0.2837328909888679,GBM_SUSPECTED,1,GBM_SUSPECTED,False,False,False,0.8288478851318359,0.9153554720010878,0.762147068977356,0.8528997135220395,0.8667532801628113,0.9440747744176202,0.8167454600334167,0.9051267617779093,0.8365965485572815,0.921638578777746,0.8621957898139954,0.9408926597103058,0.8691315054893494,0.9457054117631837,False,False,False,False
yes_7567ef69a11ba556,yes,1,2,0.6625711767646172,0.13,0.57,7,0.28036642098981335,0.06872753238353295,0.20094166021478482,0.4095637458630905,0.2086220856483057,0.5932990550968438,INDETERMINATE,1,INDETERMINATE,False,False,False,0.33204418420791626,0.25828306570933884,0.2860541343688965,0.20094166021478482,0.43970778584480286,0.4095637458630905,0.35483318567276,0.2885709005565606,0.3183424472808838,0.24064270187943615,0.30129194259643555,0.21933789783972202,0.3955339789390564,0.3452249748657605,False,False,False,False
yes_8982ebda6db4292b,yes,1,2,0.6625711767646172,0.13,0.57,7,0.31914439601491223,0.04227204297225283,0.26892531739636477,0.4119249072225357,0.14299958982617095,0.6262228445002895,INDETERMINATE,1,INDETERMINATE,False,False,False,0.35950443148612976,0.2949156278187799,0.4413008391857147,0.4119249072225357,0.36110320687294006,0.29709725828616135,0.38537412881851196,0.3308093544123046,0.38014838099479675,0.3234611481473348,0.36822566390037537,0.3068771588209049,0.3401500880718231,0.26892531739636477,False,False,False,False
yes_89f6df9589f65709,yes,1,2,0.6625711767646172,0.13,0.57,7,0.24777199112645262,0.05206124818101707,0.15819774884958948,0.3196374480579164,0.1614396992083269,0.5598741629419401,INDETERMINATE,1,INDETERMINATE,False,False,False,0.31803151965141296,0.24024764991746167,0.24831490218639374,0.15819774884958948,0.3774157166481018,0.3196374480579164,0.34361734986305237,0.27352248081644254,0.28156527876853943,0.19564313092997082,0.3264642655849457,0.2510451926859534,0.3603803813457489,0.29611028662783395,False,False,False,False
yes_8d6c1b4cd984419b,yes,1,2,0.6625711767646172,0.13,0.57,7,0.4434423053584594,0.11648683644224164,0.2154815643681694,0.6002609380953299,0.3847793737271605,0.6867359217430502,INDETERMINATE,2,GBM_SUSPECTED|INDETERMINATE,True,False,True,0.49944356083869934,0.49916018250225874,0.39836278557777405,0.3492676320210481,0.2981399595737457,0.2154815643681694,0.4743126332759857,0.46127433327297773,0.4723401367664337,0.45830811574542146,0.5669382214546204,0.6002609380953299,0.5134831070899963,0.5203433715040106,False,False,True,True
yes_8e50086f244936da,yes,1,2,0.6625711767646172,0.13,0.57,7,0.27666709404358214,0.11880813793750557,0.17832615416245948,0.5409775234626695,0.36265136930021,0.5897778981712212,INDETERMINATE,1,INDETERMINATE,False,False,False,0.3625030517578125,0.2990115965641688,0.372602254152298,0.3129346459123069,0.26654377579689026,0.17832615416245948,0.2714572846889496,0.18391936945749465,0.28655382990837097,0.20153494057659063,0.3018028438091278,0.2199654281693852,0.5271847248077393,0.5409775234626695,False,False,False,False
yes_a2001b87954a57a1,yes,1,2,0.6625711767646172,0.13,0.57,7,0.358803248878868,0.07389484924541295,0.2671433201500367,0.5143410432429355,0.24719772309289878,0.6527265174954525,INDETERMINATE,1,INDETERMINATE,False,False,False,0.36593955755233765,0.3037274012370486,0.5095034241676331,0.5143410432429355,0.4186207354068756,0.3785512019581201,0.3822561800479889,0.3264194113426668,0.3388006389141083,0.2671433201500367,0.42282918095588684,0.3847014285431733,0.38956740498542786,0.3367389356780949,False,False,False,False
yes_ae6296325b0ca772,yes,1,2,0.6625711767646172,0.13,0.57,7,0.7549602204740185,0.09623920045562503,0.6168084570112293,0.9038731435954396,0.28706468658421025,0.556819882685419,GBM_SUSPECTED,1,GBM_SUSPECTED,False,False,False,0.613250195980072,0.6672485474445642,0.7376770377159119,0.8264223523285363,0.680817186832428,0.7582883756240955,0.7403357625007629,0.8293865459977267,0.8153018355369568,0.9038731435954396,0.6242552399635315,0.6826941213165382,0.5782026648521423,0.6168084570112293,False,False,False,False
yes_ae84bfb73e4381d4,yes,1,2,0.6625711767646172,0.13,0.57,7,0.8207721778813913,0.058812106134927995,0.7138696836915388,0.8876087554568781,0.17373907176533931,0.4702205747123941,GBM_SUSPECTED,1,GBM_SUSPECTED,False,False,False,0.6994798183441162,0.7816087429891373,0.6469724774360657,0.7138696836915388,0.7800321578979492,0.8710772675451628,0.7895484566688538,0.8803309512008959,0.7287480235099792,0.8163157376164977,0.7972562313079834,0.8876087554568781,0.7101998925209045,0.7945941066696285,False,False,False,False
yes_bab9f575d0033ff2,yes,1,2,0.6625711767646172,0.13,0.57,7,0.19038802014933306,0.042116173418151055,0.1342931497498439,0.24583897238559027,0.11154582263574636,0.48678510893360605,INDETERMINATE,1,INDETERMINATE,False,False,False,0.31974777579307556,0.24243121393207284,0.22986386716365814,0.13885526892667324,0.22535717487335205,0.1342931497498439,0.2728215456008911,0.18548472089920012,0.2617884874343872,0.1729800871305295,0.3224150240421295,0.24583897238559027,0.2959623634815216,0.2128327280214216,False,False,False,False
yes_d6321c1d40a6e6c1,yes,1,2,0.6625711767646172,0.13,0.57,7,0.7178150005602406,0.10223302753980203,0.5659613473342061,0.8855026663652118,0.3195413190310057,0.595005143435075,GBM_SUSPECTED,2,GBM_SUSPECTED|INDETERMINATE,True,False,True,0.6487060785293579,0.7162064928328848,0.543847382068634,0.5659613473342061,0.6424245238304138,0.7077097411232391,0.7267749309539795,0.8140512529626,0.6584352850914001,0.7292022655762721,0.7950042486190796,0.8855026663652118,0.5708827972412109,0.6060712377272709,False,False,False,True
yes_e3cf525b6b42cbe3,yes,1,2,0.6625711767646172,0.13,0.57,7,0.7283292802834046,0.03661570936301168,0.6783223349885609,0.7844370691119047,0.10611473412334382,0.5849135039097579,GBM_SUSPECTED,1,GBM_SUSPECTED,False,False,False,0.7017933130264282,0.7844370691119047,0.6233802437782288,0.681473818518416,0.6211250424385071,0.6783223349885609,0.6488667726516724,0.7164227821892626,0.6590409874916077,0.7300045236801004,0.6827664375305176,0.7607651126306979,0.6719298958778381,0.7468793208648893,False,False,False,False
yes_f9588890598676c0,yes,1,2,0.6625711767646172,0.13,0.57,7,0.9206071838030913,0.027883089251902273,0.8873949128327572,0.9630422817508151,0.0756473689180579,0.2772839078331739,GBM_SUSPECTED,1,GBM_SUSPECTED,False,False,False,0.8082364201545715,0.8976356168116828,0.8767024278640747,0.9507591703086327,0.8966177105903625,0.9630422817508151,0.7970267534255981,0.8873949128327572,0.8008348941802979,0.8909209526131149,0.8545377850532532,0.9353772627139998,0.8334595561027527,0.9191200895906361,False,False,False,False
yes_fa097654f17421e0,yes,1,2,0.6625711767646172,0.13,0.57,7,0.7074522518120235,0.11124842488732743,0.5486382296936094,0.8855730613670136,0.3369348316734042,0.6044171602722117,GBM_SUSPECTED,2,GBM_SUSPECTED|INDETERMINATE,True,False,True,0.5837001204490662,0.6248313092162867,0.795079231262207,0.8855730613670136,0.7521763443946838,0.842330862494074,0.6104210019111633,0.6632446309168579,0.6574997305870056,0.7279615233704956,0.5322835445404053,0.5486382296936094,0.6078438758850098,0.6595861456258278,False,False,False,True
yes_fbaf145857c5f1ba,yes,1,2,0.6625711767646172,0.13,0.57,7,0.7400771000522057,0.1590168136590918,0.4638423477349523,0.9089445840231626,0.4451022362882103,0.5729762574521478,GBM_SUSPECTED,2,GBM_SUSPECTED|INDETERMINATE,True,False,True,0.7349514365196228,0.8233619647282774,0.4760195016860962,0.4638423477349523,0.5295804738998413,0.5445784869510664,0.7316595911979675,0.8196367954019516,0.6638041138648987,0.7362847903128922,0.7932926416397095,0.8838907312131382,0.8211934566497803,0.9089445840231626,True,True,False,True
no_094d704894ade3c7,no,0,3,0.6128374685894065,0.13,0.57,7,0.24858076256955405,0.10517751964950299,0.1347677765555976,0.4117494294852972,0.27698165292969956,0.5607705748455216,INDETERMINATE,1,INDETERMINATE,False,False,False,0.38590726256370544,0.3190742405527705,0.2528457045555115,0.14579211213929885,0.3178774416446686,0.22340805965931856,0.41061925888061523,0.35669780086594555,0.4455610513687134,0.4117494294852972,0.24240529537200928,0.1347677765555976,0.25542202591896057,0.14857591872865028,False,False,False,False
no_0a36fbaeb53f88ba,no,0,3,0.6128374685894065,0.13,0.57,7,0.05489356944052729,0.02118057912802283,0.03486167259550232,0.10400612471460319,0.06914445211910086,0.21267941554420242,GBM_NOT_SUSPECTED,1,GBM_NOT_SUSPECTED,False,False,False,0.1323004812002182,0.04440620867350588,0.15239010751247406,0.057321367031580375,0.21086229383945465,0.10400612471460319,0.11556030809879303,0.03486167259550232,0.12721547484397888,0.04139010641526335,0.14228497445583344,0.05062548875964429,0.1438622623682022,0.051644017893591646,False,False,False,False
no_0e26eb1cc143b940,no,0,3,0.6128374685894065,0.13,0.57,7,0.18394175973540586,0.05966801731203291,0.11131627770898518,0.29079639525914264,0.17948011755015747,0.4773182270072476,INDETERMINATE,2,GBM_NOT_SUSPECTED|INDETERMINATE,True,True,False,0.25170883536338806,0.14457163128600056,0.3667101562023163,0.29079639525914264,0.33993855118751526,0.2529803154401003,0.2725584805011749,0.16772168161740614,0.27979227900505066,0.17612705295061043,0.2187291532754898,0.11131627770898518,0.25124862790107727,0.14407896388559596,False,False,False,True
no_1baef946656a32a6,no,0,3,0.6128374685894065,0.13,0.57,7,0.23021125482312943,0.0564047575269926,0.13575037791271038,0.30061244830570866,0.16486207039299827,0.539531477095876,INDETERMINATE,1,INDETERMINATE,False,False,False,0.29073846340179443,0.18920278518386857,0.2433520257472992,0.13575037791271038,0.3498573899269104,0.26675628457900413,0.3734441101551056,0.30061244830570866,0.307025671005249,0.20943271169904895,0.3716803193092346,0.298030262650526,0.30880221724510193,0.21169391343103947,False,False,False,False
no_79d7586597473b15,no,0,3,0.6128374685894065,0.13,0.57,7,0.1464185927332087,0.01246540049800208,0.12225830123968623,0.1599168850488195,0.037658583809133284,0.4164461412477165,INDETERMINATE,2,GBM_NOT_SUSPECTED|INDETERMINATE,True,True,False,0.2547594904899597,0.1478576422796945,0.26568955183029175,0.1599168850488195,0.26239868998527527,0.15623926176486178,0.2435457557439804,0.13595186965039446,0.263131320476532,0.1570545230699407,0.23004887998104095,0.12225830123968623,0.2527151107788086,0.14565166607906355,False,False,False,True
no_93572395500b0834,no,0,3,0.6128374685894065,0.13,0.57,7,0.385019800700999,0.20216993077251583,0.22316480436190475,0.8063143409484399,0.5831495365865351,0.6664681739836207,INDETERMINATE,2,GBM_SUSPECTED|INDETERMINATE,True,False,True,0.34176376461982727,0.255493692852973,0.5399538278579712,0.564964794314336,0.7055880427360535,0.8063143409484399,0.3403817415237427,0.2535896940906063,0.3176910877227783,0.22316480436190475,0.3742917478084564,0.3018561506250243,0.36599111557006836,0.28975512771370837,True,True,False,True
no_97b98afb01833015,no,0,3,0.6128374685894065,0.13,0.57,7,0.12077787344752282,0.023818418728028194,0.09255827290225589,0.16825992153145064,0.07570164862919475,0.36847199012689086,GBM_NOT_SUSPECTED,2,GBM_NOT_SUSPECTED|INDETERMINATE,True,True,False,0.21432356536388397,0.10719262417839552,0.23236657679080963,0.12455993361920184,0.19797804951667786,0.09255827290225589,0.20927192270755768,0.1025577514723547,0.24589645862579346,0.1384081460282633,0.27302664518356323,0.16825992153145064,0.2193552553653717,0.11190846440073801,False,False,False,True
no_9f1843e9d1a4ed47,no,0,3,0.6128374685894065,0.13,0.57,7,0.11711728421670566,0.03006159530980055,0.06898816774281236,0.1637551216351354,0.09476695389232304,0.3611417590661615,GBM_NOT_SUSPECTED,2,GBM_NOT_SUSPECTED|INDETERMINATE,True,True,False,0.24562446773052216,0.13812286363541618,0.18613940477371216,0.08261654219729037,0.2217072993516922,0.1141467554340777,0.2690865993499756,0.1637551216351354,0.16870829463005066,0.06898816774281236,0.2379072606563568,0.13014613082996482,0.2298334389925003,0.12204540804224276,False,False,False,True
no_a638ba6f81ce54a1,no,0,3,0.6128374685894065,0.13,0.57,7,0.10227058015416501,0.010874621321620832,0.08599332725930073,0.11857685867923448,0.03258353141993375,0.33004349655808635,GBM_NOT_SUSPECTED,1,GBM_NOT_SUSPECTED,False,False,False,0.21940192580223083,0.11195266798395091,0.2111162692308426,0.1042383423223727,0.19023512303829193,0.08599332725930073,0.21573223173618317,0.10850289288561007,0.19910575449466705,0.09353415734093892,0.1985999345779419,0.09309581460774716,0.22629739344120026,0.11857685867923448,False,False,False,False
no_bfcce139b2b99288,no,0,3,0.6128374685894065,0.13,0.57,7,0.6229751269800097,0.06666340885366255,0.514766753350282,0.7252077937888937,0.21044104043861167,0.6625888545436847,GBM_SUSPECTED,2,GBM_SUSPECTED|INDETERMINATE,True,False,True,0.6053126454353333,0.6677045895634619,0.5090512633323669,0.514766753350282,0.6444482803344727,0.7252077937888937,0.6123446822166443,0.678307203824397,0.5708585977554321,0.6143487439094775,0.5438989400863647,0.5713273452442524,0.555009663105011,0.5891634591793028,False,False,False,True
no_cadc69402b71fdaf,no,0,3,0.6128374685894065,0.13,0.57,7,0.1131442941051981,0.03960949630538022,0.0777519944308278,0.17523386205004518,0.09748186761921739,0.35303916415629993,GBM_NOT_SUSPECTED,2,GBM_NOT_SUSPECTED|INDETERMINATE,True,True,False,0.19321945309638977,0.08849558474960124,0.18009193241596222,0.0777519944308278,0.18870358169078827,0.08472285438733772,0.2755667567253113,0.17119414393824425,0.27903124690055847,0.17523386205004518,0.22202380001544952,0.11444959420012749,0.18311052024364471,0.08016202498020304,False,False,False,True
no_d65b09e2ad414b8c,no,0,3,0.6128374685894065,0.13,0.57,7,0.19435101938768495,0.08313316984369196,0.09770950273438117,0.35075044919090237,0.2530409464565212,0.4924708366367018,INDETERMINATE,2,GBM_NOT_SUSPECTED|INDETERMINATE,True,True,False,0.22329625487327576,0.11567105744696307,0.2749558687210083,0.17048633235028676,0.40676623582839966,0.35075044919090237,0.3407171666622162,0.2540512855959454,0.32382315397262573,0.23122794958705084,0.24794001877307892,0.14056055880826493,0.20386682450771332,0.09770950273438117,False,False,False,True
no_d8534287064d8160,no,0,3,0.6128374685894065,0.13,0.57,7,0.03241463909486673,0.005087533345026379,0.026260518691929653,0.03933825465652295,0.013077735964593298,0.1430380163944347,GBM_NOT_SUSPECTED,1,GBM_NOT_SUSPECTED,False,False,False,0.11562731117010117,0.03489767378853562,0.09881049394607544,0.026416071892822125,0.10126318037509918,0.027583798972735836,0.11662250012159348,0.035434476434198274,0.11943329870700836,0.03697167922732258,0.0984799712896347,0.026260518691929653,0.12365373224020004,0.03933825465652295,False,False,False,False
no_e4d9d83f89339366,no,0,3,0.6128374685894065,0.13,0.57,7,0.05251333531892458,0.011937636753966268,0.03694337520430902,0.06802785320532607,0.031084478001017053,0.20585014228581908,GBM_NOT_SUSPECTED,1,GBM_NOT_SUSPECTED,False,False,False,0.12378674745559692,0.03941398303757811,0.16741883754730225,0.06802785320532607,0.1508604884147644,0.056281844319474,0.11938205361366272,0.03694337520430902,0.1298045665025711,0.04291303971668895,0.15148435533046722,0.05670470270488523,0.16644714772701263,0.06730854904421069,False,False,False,False
no_fab9adae37e0a120,no,0,3,0.6128374685894065,0.13,0.57,7,0.8972975017024043,0.06336198021281299,0.7655328818762458,0.9595523170616816,0.19401943518543585,0.330980714607357,GBM_SUSPECTED,1,GBM_SUSPECTED,False,False,False,0.8408086895942688,0.9379443351915625,0.7806704640388489,0.8881158919250738,0.6737387776374817,0.7655328818762458,0.8266448974609375,0.9274964740713173,0.8540180921554565,0.9469717262759466,0.7483289837837219,0.8554688855150031,0.8744096755981445,0.9595523170616816,False,False,False,False
yes_065946b4f95b37ca,yes,1,3,0.6128374685894065,0.13,0.57,7,0.5398701514740537,0.12509744294956457,0.40145336355714306,0.7364624664300334,0.3350091028728904,0.6899645447771451,INDETERMINATE,2,GBM_SUSPECTED|INDETERMINATE,True,False,True,0.47117459774017334,0.45305053932020184,0.5654211044311523,0.6057463062507071,0.46958988904953003,0.45047973273592434,0.6198227405548096,0.6894597297775933,0.6524418592453003,0.7364624664300334,0.4646265208721161,0.44243892224677245,0.4391098916530609,0.40145336355714306,False,False,True,True
yes_2760d25b58a26198,yes,1,3,0.6128374685894065,0.13,0.57,7,0.8093386525704718,0.1634032985817281,0.43345403702326857,0.9567030772961003,0.5232490402728317,0.48718050543475566,GBM_SUSPECTED,2,GBM_SUSPECTED|INDETERMINATE,True,False,True,0.45906656980514526,0.43345403702326857,0.8081632256507874,0.9126681199422555,0.7230639457702637,0.8272143917724791,0.8695498108863831,0.9567030772961003,0.7809149026870728,0.8883472470038992,0.7716705203056335,0.8794357627235454,0.6752538084983826,0.7675479322317541,True,True,False,True
yes_29a0dca969e7ab80,yes,1,3,0.6128374685894065,0.13,0.57,7,0.16680221621944985,0.05758935963013865,0.09125845112024379,0.24190497696819396,0.15064652584795019,0.45077930132465427,INDETERMINATE,2,GBM_NOT_SUSPECTED|INDETERMINATE,True,True,False,0.24496795237064362,0.13743542546656867,0.3074837923049927,0.21001480073217813,0.3282758891582489,0.23715788446867445,0.21354395151138306,0.10647080540848101,0.19646692276000977,0.09125845112024379,0.2505880296230316,0.14337316937180902,0.33180734515190125,0.24190497696819396,False,False,False,True
yes_3b6e1cdd42dc80c6,yes,1,3,0.6128374685894065,0.13,0.57,7,0.933250225753989,0.025964951895541384,0.8854219809320941,0.9727704130849673,0.08734843215287313,0.24514929698082105,GBM_SUSPECTED,1,GBM_SUSPECTED,False,False,False,0.821773886680603,0.9237196187331194,0.777842104434967,0.8854219809320941,0.8213048577308655,0.9233509829785322,0.8712220788002014,0.9576940092843598,0.8994755744934082,0.9727704130849673,0.8281543254852295,0.9286477587505965,0.8453803062438965,0.9411468165142535,False,False,False,False
yes_41875c6939d7ee37,yes,1,3,0.6128374685894065,0.13,0.57,7,0.1177870965035254,0.030175985630869945,0.07197007512328192,0.17267763608209555,0.10070756095881363,0.3624926250548327,GBM_NOT_SUSPECTED,2,GBM_NOT_SUSPECTED|INDETERMINATE,True,True,False,0.23612938821315765,0.12834078666883053,0.17265717685222626,0.07197007512328192,0.2041710615158081,0.09797934553872675,0.2025165855884552,0.09651630551141607,0.23015201091766357,0.12236027608387143,0.2768433392047882,0.17267763608209555,0.24230632185935974,0.13466525051645553,False,False,False,True
yes_46472abac1ff15e3,yes,1,3,0.6128374685894065,0.13,0.57,7,0.9609349561555893,0.07236893429582991,0.7840072857009361,0.9950980409165167,0.21109075521558052,0.1649613386769194,GBM_SUSPECTED,1,GBM_SUSPECTED,False,False,False,0.9455475807189941,0.990601282978128,0.6878429055213928,0.7840072857009361,0.915890097618103,0.9800867678734244,0.9528836011886597,0.9926558130523483,0.9628928303718567,0.9950980409165167,0.9478458166122437,0.9912686550016967,0.9535323977470398,0.9928268475660762,False,False,False,False
yes_47ef81df4154ea0c,yes,1,3,0.6128374685894065,0.13,0.57,7,0.8584030326313634,0.06255033301376896,0.7905825013230473,0.9769079184477624,0.18632541712471506,0.4078518864560333,GBM_SUSPECTED,1,GBM_SUSPECTED,False,False,False,0.6929863095283508,0.7905825013230473,0.8239100575447083,0.9253875270454586,0.9084634780883789,0.9769079184477624,0.7078983783721924,0.8091392120744848,0.7421252727508545,0.8487506993937839,0.7225328683853149,0.8265953218134059,0.7267283201217651,0.831458048321601,False,False,False,False
yes_58b1e2bdfe9808ed,yes,1,3,0.6128374685894065,0.13,0.57,7,0.9249305210883791,0.01906047272182211,0.8884859707075768,0.9504721216336885,0.061986150926111705,0.2665589807467116,GBM_SUSPECTED,1,GBM_SUSPECTED,False,False,False,0.8460466265678406,0.9416066688221,0.781061589717865,0.8884859707075768,0.8173966407775879,0.9202454129642886,0.8594321012496948,0.9504721216336885,0.8397455811500549,0.9371877431858354,0.8107826113700867,0.9148519568752234,0.8191721439361572,0.9216637734299411,False,False,False,False
yes_66147a7d68e48060,yes,1,3,0.6128374685894065,0.13,0.57,7,0.9260627132829816,0.04282574815822192,0.8231677637509945,0.955434414079698,0.13226665032870344,0.263706427600824,GBM_SUSPECTED,1,GBM_SUSPECTED,False,False,False,0.8411585688591003,0.9381923572335343,0.8275204300880432,0.9281653683211712,0.8443846106529236,0.9404563720403273,0.861534833908081,0.9518003774925367,0.8513774275779724,0.945222340062609,0.7196081280708313,0.8231677637509945,0.8674355149269104,0.955434414079698,False,False,False,False
yes_72814f8ef18fc32e,yes,1,3,0.6128374685894065,0.13,0.57,7,0.7598557211878039,0.05866597526621765,0.644565611137183,0.839777784583853,0.19521217344666997,0.5512461782628972,GBM_SUSPECTED,1,GBM_SUSPECTED,False,False,False,0.6654382944107056,0.75436583876221,0.590197741985321,0.644565611137183,0.6825665235519409,0.7771712805055496,0.7128609418869019,0.8151437751663312,0.7340388298034668,0.839777784583853,0.6462985873222351,0.7278289270068254,0.6697080731391907,0.7601368311526746,False,False,False,False
yes_76b82eab2be11768,yes,1,3,0.6128374685894065,0.13,0.57,7,0.39162062373611345,0.13595554766144383,0.26486679853278267,0.6906974996435685,0.42583070111078586,0.6694674943840813,INDETERMINATE,2,GBM_SUSPECTED|INDETERMINATE,True,False,True,0.4012661576271057,0.34231037668529213,0.43022042512893677,0.3873549296150814,0.6206581592559814,0.6906974996435685,0.3541180193424225,0.2727604055935705,0.3485089838504791,0.26486679853278267,0.4705749452114105,0.45207755969982444,0.3940148651599884,0.33127679638267415,False,False,False,True
yes_7c56acddf6dd78be,yes,1,3,0.6128374685894065,0.13,0.57,7,0.9640626665553318,0.037946818866633245,0.8741169707249465,0.9938955349070376,0.1197785641820911,0.1548105117466629,GBM_SUSPECTED,1,GBM_SUSPECTED,False,False,False,0.9577484130859375,0.9938955349070376,0.766310453414917,0.8741169707249465,0.8971564769744873,0.9716512643790843,0.8957027196884155,0.9709389252343507,0.8854411244392395,0.965674297513043,0.9416805505752563,0.9894299018357195,0.9224966764450073,0.9827317712931404,False,False,False,False
yes_8f1834021d381e2c,yes,1,3,0.6128374685894065,0.13,0.57,7,0.9921509666102993,0.005542693472498849,0.9822081900411895,0.9981703947899468,0.015962204748757314,0.04586527768875968,GBM_SUSPECTED,1,GBM_SUSPECTED,False,False,False,0.97484290599823,0.9974460248863831,0.9794069528579712,0.9981703947899468,0.9672061800956726,0.9960186126692417,0.951164722442627,0.9921942634428056,0.953816831111908,0.9929012786166775,0.9211540222167969,0.9822081900411895,0.9316705465316772,0.9861180018258505,False,False,False,False
yes_91d3a5eb7904a869,yes,1,3,0.6128374685894065,0.13,0.57,7,0.6740848877326319,0.12195151457398602,0.5346724941232497,0.9225801805555168,0.38790768643226714,0.6312479647647342,GBM_SUSPECTED,2,GBM_SUSPECTED|INDETERMINATE,True,False,True,0.6216416358947754,0.6921524906578309,0.8203276991844177,0.9225801805555168,0.5951064229011536,0.6521298828925,0.5212699174880981,0.5346724941232497,0.6585164666175842,0.7448928357939578,0.5709187984466553,0.6144437441217886,0.5354732871055603,0.5577225859835787,False,False,False,True
yes_a52bf95251106e51,yes,1,3,0.6128374685894065,0.13,0.57,7,0.9771772463499347,0.007879535163299674,0.9657534893600643,0.9876956780931447,0.021942188733080403,0.10883025694424256,GBM_SUSPECTED,1,GBM_SUSPECTED,False,False,False,0.9211220741271973,0.982195644733299,0.9302626252174377,0.9856200344486228,0.8937526941299438,0.9699703622285498,0.9119433760643005,0.978424488316049,0.8855897188186646,0.9657534893600643,0.8949786424636841,0.9705810272698144,0.9362881183624268,0.9876956780931447,False,False,False,False
yes_a710082857d3c289,yes,1,3,0.6128374685894065,0.13,0.57,7,0.9510929220523281,0.01910609874693658,0.922278998417419,0.9821733996650821,0.0598944012476631,0.19528453984036095,GBM_SUSPECTED,1,GBM_SUSPECTED,False,False,False,0.8406115174293518,0.9378043502487019,0.8660559058189392,0.9545970770455899,0.9210654497146606,0.9821733996650821,0.867952823638916,0.9557464509619272,0.8918761610984802,0.9690241799417478,0.8381252884864807,0.9360259980858284,0.8199471831321716,0.922278998417419,False,False,False,False
yes_a811436248b91154,yes,1,3,0.6128374685894065,0.13,0.57,7,0.6147764015476332,0.1500707619435869,0.2659606861984649,0.7274484603890004,0.46148777419053544,0.6665635238150366,GBM_SUSPECTED,2,GBM_SUSPECTED|INDETERMINATE,True,False,True,0.6416969299316406,0.7212927864421151,0.34929007291793823,0.2659606861984649,0.6460295915603638,0.7274484603890004,0.5477162599563599,0.5774698617017925,0.6128498315811157,0.67906462119226,0.6201885938644409,0.690001989168256,0.5886663198471069,0.642196405741544,True,True,False,True
yes_abaeb9ec13519757,yes,1,3,0.6128374685894065,0.13,0.57,7,0.9013620348465701,0.047172537465441124,0.82777532709963,0.9507596717272055,0.12298434462757557,0.3220799287416506,GBM_SUSPECTED,1,GBM_SUSPECTED,False,False,False,0.8289549350738525,0.9292547412057881,0.724507212638855,0.8288916334595294,0.8161699771881104,0.9192582008273902,0.7235459089279175,0.82777532709963,0.833999514579773,0.9330208418632002,0.8598849773406982,0.9507596717272055,0.8178063631057739,0.9205738277432467,False,False,False,False
yes_ade22fa7958f1d0a,yes,1,3,0.6128374685894065,0.13,0.57,7,0.9781347469888189,0.004989499160542106,0.9724514273287342,0.9877022161417094,0.015250788812975147,0.10521217190191426,GBM_SUSPECTED,1,GBM_SUSPECTED,False,False,False,0.9100133776664734,0.9775892674967996,0.9363077878952026,0.9877022161417094,0.898922860622406,0.9725056046296823,0.9068591594696045,0.9761926867986278,0.898810088634491,0.9724514273287342,0.9122609496116638,0.9785605148874705,0.9204770922660828,0.9819415116387086,False,False,False,False
yes_b26bd519d43545c0,yes,1,3,0.6128374685894065,0.13,0.57,7,0.05132039593147293,0.008952479427917081,0.03405092575811639,0.06498062619320548,0.030929700435089087,0.20238486758637447,GBM_NOT_SUSPECTED,1,GBM_NOT_SUSPECTED,False,False,False,0.1441887617111206,0.05185608335587454,0.1505262404680252,0.05605592442328801,0.11404258757829666,0.03405092575811639,0.1464461386203766,0.053333817591268214,0.16326706111431122,0.06498062619320548,0.13305698335170746,0.04486363915475913,0.1476072371006012,0.05410175504379882,False,False,False,False
yes_bb935cc3d5fcee46,yes,1,3,0.6128374685894065,0.13,0.57,7,0.2988450255582018,0.04531873592201803,0.2337502236925871,0.3704247453851279,0.13667452169254077,0.6098825162370923,INDETERMINATE,1,INDETERMINATE,False,False,False,0.4076458513736725,0.35210571328978685,0.37258198857307434,0.2993493305880117,0.3257228434085846,0.2337502236925871,0.41944649815559387,0.3704247453851279,0.3589266538619995,0.2795974120923619,0.3732570707798004,0.30033825420053134,0.34238362312316895,0.256349499659006,False,False,False,False
yes_dcc31f03c9b97631,yes,1,3,0.6128374685894065,0.13,0.57,7,0.965861047895898,0.010969575075551206,0.9519813947547782,0.9800411835240581,0.028059788769279947,0.14884750911310743,GBM_SUSPECTED,1,GBM_SUSPECTED,False,False,False,0.9157798886299133,0.9800411835240581,0.8999590873718262,0.9730010816714141,0.9154155254364014,0.9798901356014617,0.8681248426437378,0.9558499775051703,0.8682952523231506,0.9559524203181493,0.8829084038734436,0.9643111418962541,0.861823558807373,0.9519813947547782,False,False,False,False
yes_ded0746adccbdec2,yes,1,3,0.6128374685894065,0.13,0.57,7,0.9827945106584378,0.011601961795466322,0.9622278238437256,0.9969001503894279,0.03467232654570229,0.08695438017209775,GBM_SUSPECTED,1,GBM_SUSPECTED,False,False,False,0.946263313293457,0.9908114298041286,0.9453608989715576,0.9905461283448972,0.8945983052253723,0.9703922075441835,0.9157345294952393,0.9800224082835286,0.9392459988594055,0.988661426399173,0.971752405166626,0.9969001503894279,0.8791250586509705,0.9622278238437256,False,False,False,False
yes_e720f125defd3a59,yes,1,3,0.6128374685894065,0.13,0.57,7,0.8767414735542202,0.05465600701483752,0.7921463312464011,0.9641743518517943,0.17202802060539324,0.3733674907014354,GBM_SUSPECTED,1,GBM_SUSPECTED,False,False,False,0.7264120578765869,0.8310937133605643,0.8826568126678467,0.9641743518517943,0.7720203995704651,0.8797790848769029,0.8399004340171814,0.9372982274521572,0.7508546710014343,0.8581625009072643,0.7667288184165955,0.8745361051844573,0.6942198872566223,0.7921463312464011,False,False,False,False
yes_feb7111720d9d553,yes,1,3,0.6128374685894065,0.13,0.57,7,0.9278377591324839,0.02346288376645268,0.8780594999807558,0.955464264834362,0.07740476485360615,0.2591964205240501,GBM_SUSPECTED,1,GBM_SUSPECTED,False,False,False,0.8436442017555237,0.939940404335119,0.8431090712547302,0.939566136373678,0.7702727913856506,0.8780594999807558,0.80861896276474,0.9130500266794565,0.8311960697174072,0.9309403456636683,0.8674849271774292,0.955464264834362,0.8406668305397034,0.937843636060347,False,False,False,False
no_0bc12dee429a9969,no,0,4,0.648384428159508,0.13,0.57,7,0.03624567336889066,0.007714024529119013,0.02693612988123544,0.051236538276140005,0.024300408394904566,0.15582339049290345,GBM_NOT_SUSPECTED,1,GBM_NOT_SUSPECTED,False,False,False,0.10698452591896057,0.03652231280812374,0.09544812142848969,0.030224833493097826,0.13096606731414795,0.051236538276140005,0.08901327848434448,0.02693612988123544,0.10917803645133972,0.0377775376568195,0.09462069720029831,0.029792921331023386,0.11505236476659775,0.041229440135794666,False,False,False,False
no_16d05c87bffe4fdd,no,0,4,0.648384428159508,0.13,0.57,7,0.03326618562087224,0.0052110118242399955,0.022990144115216972,0.03949402274945438,0.016503878634237405,0.14591856978662,GBM_NOT_SUSPECTED,1,GBM_NOT_SUSPECTED,False,False,False,0.11147256195545197,0.03911022398833629,0.10491538792848587,0.03535513476197207,0.08083372563123703,0.022990144115216972,0.0971212238073349,0.031106301756708584,0.11212702840566635,0.03949402274945438,0.1008715108036995,0.03312147385652676,0.09821047633886337,0.031685998117890635,False,False,False,False
no_2d304e407ec526c9,no,0,4,0.648384428159508,0.13,0.57,7,0.027354317800172143,0.008320082963923938,0.015209012760566576,0.040326404775639486,0.02511739201507291,0.1254216612651259,GBM_NOT_SUSPECTED,1,GBM_NOT_SUSPECTED,False,False,False,0.08762893080711365,0.02624977005698925,0.0803925022482872,0.022784809301885985,0.06273103505373001,0.015209012760566576,0.07480491697788239,0.020251673426417337,0.09464477002620697,0.02980544969463899,0.11353699117898941,0.040326404775639486,0.10756571590900421,0.036853104585067374,False,False,False,False
no_2db2426323e2d116,no,0,4,0.648384428159508,0.13,0.57,7,0.015525466499249022,0.00340844392142032,0.012136117983925587,0.021629999508439305,0.009493881524513718,0.08007213363601232,GBM_NOT_SUSPECTED,1,GBM_NOT_SUSPECTED,False,False,False,0.07008540630340576,0.0182098387512675,0.05630151182413101,0.012769286867814844,0.059597618877887726,0.013998372032310026,0.054553478956222534,0.012136117983925587,0.06884629279375076,0.017688720185959777,0.054859235882759094,0.012245930165026118,0.07787928730249405,0.021629999508439305,False,False,False,False
no_3ceab6190d93957c,no,0,4,0.648384428159508,0.13,0.57,7,0.010429744186271319,0.0020908384847210253,0.007229864073509443,0.01247445660123608,0.005244592527726637,0.057967062610450426,GBM_NOT_SUSPECTED,1,GBM_NOT_SUSPECTED,False,False,False,0.05031181126832962,0.010654105468440886,0.03948574885725975,0.007229864073509443,0.03977006673812866,0.007313036536638303,0.05537060648202896,0.012430478511375296,0.05147712677717209,0.011053533419370055,0.055492013692855835,0.01247445660123608,0.053759243339300156,0.011852734693329155,False,False,False,False
no_6a028c0cf05b9ab4,no,0,4,0.648384428159508,0.13,0.57,7,0.03939834539913136,0.01021528928305924,0.028936747313809373,0.06197305553638452,0.033036308222575146,0.1660273208170934,GBM_NOT_SUSPECTED,1,GBM_NOT_SUSPECTED,False,False,False,0.10720830410718918,0.03664952606166497,0.10278858989477158,0.0341725463078627,0.09296520054340363,0.028936747313809373,0.11667565256357193,0.042206449802174556,0.0973106175661087,0.03120676664777652,0.14657609164714813,0.06197305553638452,0.11407048255205154,0.04064332612424691,False,False,False,False
no_912cec46265a5793,no,0,4,0.648384428159508,0.13,0.57,7,0.4055030014106683,0.07430412209303844,0.3113319289790392,0.5078337274928435,0.19650179851380428,0.6751799473361775,INDETERMINATE,1,INDETERMINATE,False,False,False,0.3743916153907776,0.31177189676759726,0.46016615629196167,0.43874326142992953,0.47834062576293945,0.4666236459686083,0.5050795078277588,0.5078337274928435,0.3740801513195038,0.3113319289790392,0.47027313709259033,0.4542267941505835,0.3996047377586365,0.34798975508607666,False,False,False,False
no_96eb6967090f99bc,no,0,4,0.648384428159508,0.13,0.57,7,0.0331710265334328,0.01241736147290146,0.01277145442994634,0.04801062677397569,0.035239172344029346,0.14559780157751126,GBM_NOT_SUSPECTED,1,GBM_NOT_SUSPECTED,False,False,False,0.10790183395147324,0.03704500011572192,0.056307435035705566,0.01277145442994634,0.07052645832300186,0.018396833925599328,0.12599878013134003,0.04801062677397569,0.11425133049488068,0.040751004493874594,0.12142378836870193,0.04512146551680151,0.09521102905273438,0.03010080047811021,False,False,False,False
no_ab2d50ea056994dd,no,0,4,0.648384428159508,0.13,0.57,7,0.05232123687681316,0.008571044210649312,0.03895770262762403,0.06577078676890898,0.026813084141284943,0.20529407908172878,GBM_NOT_SUSPECTED,1,GBM_NOT_SUSPECTED,False,False,False,0.14798884093761444,0.0629893027499678,0.12514978647232056,0.04746852660101981,0.1320980340242386,0.051984597807790814,0.15180446207523346,0.06577078676890898,0.12983030080795288,0.050490784041101466,0.11121170222759247,0.03895770262762403,0.12689676880836487,0.048586957541279195,False,False,False,False
no_c3da82d44359f4a1,no,0,4,0.648384428159508,0.13,0.57,7,0.1816964486336989,0.04035694364226019,0.12686515536574908,0.23515408227526757,0.1082889269095185,0.47395616710977145,INDETERMINATE,2,GBM_NOT_SUSPECTED|INDETERMINATE,True,True,False,0.2225770801305771,0.12686515536574908,0.31762102246284485,0.23515408227526757,0.31612280011177063,0.2332395852802924,0.2942557632923126,0.206000360791204,0.264525443315506,0.1712040848966053,0.23711127042770386,0.14157142921407306,0.2524392306804657,0.15784044261270083,False,False,False,True
no_c9d574a467241cb3,no,0,4,0.648384428159508,0.13,0.57,7,0.30157334520702045,0.14812926381139516,0.1767371725194118,0.6262721071829014,0.4495349346634896,0.6121915061041889,INDETERMINATE,2,GBM_SUSPECTED|INDETERMINATE,True,False,True,0.3254234194755554,0.24522042098976463,0.2921753525733948,0.20347948658337905,0.31899598240852356,0.236916344022689,0.3083386719226837,0.223390472302203,0.26941120624542236,0.1767371725194118,0.4339858889579773,0.398997412848794,0.5829105377197266,0.6262721071829014,False,True,False,True
no_cc897565e991fd55,no,0,4,0.648384428159508,0.13,0.57,7,0.1262707509315329,0.05508024357636205,0.08496974068384747,0.2581110533618081,0.17314131267796065,0.3792355677425125,GBM_NOT_SUSPECTED,2,GBM_NOT_SUSPECTED|INDETERMINATE,True,True,False,0.2089700996875763,0.11374783274608335,0.18251605331897736,0.09009247017934056,0.33524197340011597,0.2581110533618081,0.20531967282295227,0.11033749193344602,0.2011062502861023,0.10645890979470833,0.21572251617908478,0.12017775782149644,0.17639131844043732,0.08496974068384747,False,False,False,True
no_e89b26e1115b4818,no,0,4,0.648384428159508,0.13,0.57,7,0.015128809655559766,0.003808076044033289,0.009245641817367348,0.02075121359519097,0.011505571777823622,0.07842096528258817,GBM_NOT_SUSPECTED,1,GBM_NOT_SUSPECTED,False,False,False,0.05623738095164299,0.012745828100391255,0.053772054612636566,0.01185728435074258,0.04605574905872345,0.009245641817367348,0.06918592751026154,0.017830934011403527,0.0759289488196373,0.02075121359519097,0.06204557791352272,0.014940681993552675,0.07083961367607117,0.018530083720270017,False,False,False,False
no_f305c895d86e72b7,no,0,4,0.648384428159508,0.13,0.57,7,0.16128248894762306,0.011972142046412582,0.14739596087127468,0.18144025084078846,0.03404428996951378,0.4417904327965441,INDETERMINATE,1,INDETERMINATE,False,False,False,0.26251664757728577,0.1689508410898638,0.24715404212474823,0.15214399700099562,0.2735134959220886,0.18144025084078846,0.24836519360542297,0.15344138370963806,0.24786938726902008,0.15290969807546478,0.24268285930156708,0.14739596087127468,0.26584869623184204,0.17269529104533604,False,False,False,False
no_f6b9367846473d64,no,0,4,0.648384428159508,0.13,0.57,7,0.0852916079128383,0.02677129836399416,0.03387921972921574,0.1176529286394351,0.08377370891021937,0.2915067962993435,GBM_NOT_SUSPECTED,1,GBM_NOT_SUSPECTED,False,False,False,0.20924310386180878,0.11400474129711693,0.1512879729270935,0.06539114495154476,0.1022561714053154,0.03387921972921574,0.2130907028913498,0.1176529286394351,0.18806253373622894,0.09484726995384628,0.18041187524795532,0.08831737286039547,0.17392942309379578,0.08294857795831378,False,False,False,False
yes_00aa87e56bf59778,yes,1,4,0.648384428159508,0.13,0.57,7,0.14057612230125646,0.10742748208392534,0.03241644964337112,0.3595947961609131,0.32717834651754196,0.40600793728411594,INDETERMINATE,2,GBM_NOT_SUSPECTED|INDETERMINATE,True,True,False,0.25176510214805603,0.15710882456500833,0.29726970195770264,0.20967463263669564,0.4075270891189575,0.3595947961609131,0.10381949692964554,0.03474360426241814,0.09957089275121689,0.03241644964337112,0.21001143753528595,0.1147291622898613,0.1649540513753891,0.07576538655052764,False,False,False,True
yes_10e6d731d447b374,yes,1,4,0.648384428159508,0.13,0.57,7,0.05670041679473736,0.015309674414643249,0.032512279675391595,0.07720990616538562,0.04469762648999402,0.21779038097310477,GBM_NOT_SUSPECTED,1,GBM_NOT_SUSPECTED,False,False,False,0.16678862273693085,0.07720990616538562,0.0997483879327774,0.032512279675391595,0.10541927069425583,0.03563785837479478,0.14736199378967285,0.06253747770987671,0.14190997183322906,0.05866893029420447,0.15401361882686615,0.06740567306821461,0.1479077786207199,0.06293079227529377,False,False,False,False
yes_1a8bfe88bf24a2f6,yes,1,4,0.648384428159508,0.13,0.57,7,0.9452957850666465,0.023513160722449876,0.91701075391741,0.9767107049607217,0.059699951043311605,0.2121401853676988,GBM_SUSPECTED,1,GBM_SUSPECTED,False,False,False,0.8846353888511658,0.9585834040724927,0.8260207772254944,0.91701075391741,0.839543342590332,0.927724018396224,0.8299860954284668,0.9202209503902539,0.85723477602005,0.9407314871795543,0.9172079563140869,0.9760891765498698,0.9185264110565186,0.9767107049607217,False,False,False,False
yes_1b188f3b3268a61f,yes,1,4,0.648384428159508,0.13,0.57,7,0.942859719168144,0.021123755371322925,0.8970903357596254,0.9727219292832366,0.07563159352361126,0.2190252993992338,GBM_SUSPECTED,1,GBM_SUSPECTED,False,False,False,0.8635928630828857,0.9451239716323633,0.8764017224311829,0.9535151427111684,0.9103026390075684,0.9727219292832366,0.8647736310958862,0.9459231594522197,0.8572157025337219,0.9407180846481779,0.8028099536895752,0.8970903357596254,0.8633006811141968,0.9449254106902176,False,False,False,False
yes_27a43972bf6b6bb0,yes,1,4,0.648384428159508,0.13,0.57,7,0.884079025397139,0.03072692268879528,0.8413411761709434,0.9374661252990654,0.09612494912812197,0.35871825292464465,GBM_SUSPECTED,1,GBM_SUSPECTED,False,False,False,0.7752614617347717,0.8709928798114108,0.8253983855247498,0.9165017336579067,0.7890079021453857,0.88434325605002,0.7622096538543701,0.8577241628612707,0.8526430130004883,0.9374661252990654,0.7468082904815674,0.8413411761709434,0.7846528887748718,0.8801838439293557,False,False,False,False
yes_2e56cee08cdc90d9,yes,1,4,0.648384428159508,0.13,0.57,7,0.981414608488494,0.006284789850652107,0.9714639535827312,0.990522921909169,0.01905896832643783,0.09248143976340102,GBM_SUSPECTED,1,GBM_SUSPECTED,False,False,False,0.9312869310379028,0.9823669356349598,0.917974591255188,0.9764514117323798,0.9336374402046204,0.9833369565951952,0.9532280564308167,0.990522921909169,0.9469610452651978,0.9884019294979195,0.9078167676925659,0.9714639535827312,0.9199156761169434,0.9773581504671047,False,False,False,False
yes_2ecddc01c12b1157,yes,1,4,0.648384428159508,0.13,0.57,7,0.22979236874618073,0.04018531676959601,0.14180031903161977,0.26854261725356654,0.12674229822194677,0.5390253365876818,INDETERMINATE,1,INDETERMINATE,False,False,False,0.328320175409317,0.24899806112242462,0.23733209073543549,0.14180031903161977,0.3086090087890625,0.22372974417145897,0.32590141892433167,0.24584228846712256,0.3398674428462982,0.2642671722135377,0.3430570960044861,0.26854261725356654,0.30189698934555054,0.21536637896353494,False,False,False,False
yes_3ea514113ad745b5,yes,1,4,0.648384428159508,0.13,0.57,7,0.3777700041851407,0.07253383755882736,0.2697517101399477,0.4906429664516803,0.22089125631173262,0.6629618743796957,INDETERMINATE,1,INDETERMINATE,False,False,False,0.4008944034576416,0.349872143212828,0.3995130658149719,0.347856054101496,0.4325377643108368,0.3968182713306379,0.4939326345920563,0.4906429664516803,0.3439558446407318,0.2697517101399477,0.4771266579627991,0.4647564640442074,0.383479505777359,0.32469242001518717,False,False,False,False
yes_4b4dac686a5833b9,yes,1,4,0.648384428159508,0.13,0.57,7,0.9643173341095872,0.03808511822730976,0.8745094464246393,0.9969589453176642,0.12244949889302481,0.15397187536987814,GBM_SUSPECTED,1,GBM_SUSPECTED,False,False,False,0.9163411259651184,0.9756767967964836,0.9556196331977844,0.9912868540109782,0.9771518111228943,0.9969589453176642,0.8956425786018372,0.9649567984242466,0.7788185477256775,0.8745094464246393,0.9114923477172852,0.9733154308211402,0.9118990898132324,0.9735170669719575,False,False,False,False
yes_6d6496cd067b1f66,yes,1,4,0.648384428159508,0.13,0.57,7,0.9463550061743442,0.02306402326989454,0.9116791730828371,0.9879603000495318,0.07628112696669476,0.20911095958256518,GBM_SUSPECTED,1,GBM_SUSPECTED,False,False,False,0.8872103691101074,0.9601157466085044,0.9457159042358398,0.9879603000495318,0.8830503821372986,0.9576276733942806,0.863540530204773,0.9450884306315113,0.8195840120315552,0.9116791730828371,0.844836413860321,0.9317362056082238,0.8428963422775269,0.9302775138455198,False,False,False,False
yes_728b7c8bdd193b36,yes,1,4,0.648384428159508,0.13,0.57,7,0.8341584194086012,0.07657415799783847,0.726740464282558,0.9577268069202715,0.23098634263771345,0.44923083005065734,GBM_SUSPECTED,1,GBM_SUSPECTED,False,False,False,0.7372049689292908,0.8307376579590517,0.8832140564918518,0.9577268069202715,0.7815535664558411,0.8771839940077698,0.7870631217956543,0.8824939050874278,0.7367067933082581,0.8301796077617715,0.6588723063468933,0.7340464998413577,0.6534447073936462,0.726740464282558,False,False,False,False
yes_72fca1cc64c1d654,yes,1,4,0.648384428159508,0.13,0.57,7,0.6315149250366117,0.17629841630764095,0.38932942410634597,0.824748542946776,0.43541911884043005,0.6581444865484737,GBM_SUSPECTED,2,GBM_SUSPECTED|INDETERMINATE,True,False,True,0.4718819558620453,0.4566966402874153,0.7318942546844482,0.824748542946776,0.6564266681671143,0.7307631220876522,0.7120110988616943,0.8015549800332976,0.68546062707901,0.7687772370889281,0.4666924476623535,0.44873452870586683,0.42754894495010376,0.38932942410634597,True,False,False,True
yes_7d3a903c571970fb,yes,1,4,0.648384428159508,0.13,0.57,7,0.7404985345312863,0.11252602331382244,0.5756562447167819,0.9041027172155927,0.32844647249881076,0.5725348195346038,GBM_SUSPECTED,1,GBM_SUSPECTED,False,False,False,0.6124711632728577,0.6695003892147596,0.5882053971290588,0.6341141491822726,0.8107295632362366,0.9041027172155927,0.7748234868049622,0.8705569232996864,0.6737955212593079,0.7537631312828063,0.691013514995575,0.7757961868071054,0.5492734909057617,0.5756562447167819,False,False,False,False
yes_8401fd725d100f99,yes,1,4,0.648384428159508,0.13,0.57,7,0.4363411603391665,0.29094612025521727,0.0766959865775255,0.8974242947569956,0.8207283081794701,0.6850202451608861,INDETERMINATE,3,GBM_NOT_SUSPECTED|GBM_SUSPECTED|INDETERMINATE,True,True,True,0.47646790742874146,0.46374348924297687,0.19708111882209778,0.10281171366807056,0.1661377102136612,0.0766959865775255,0.803181529045105,0.8974242947569956,0.6922863125801086,0.77739310741917,0.4667207896709442,0.4487779739342247,0.3570217192173004,0.2875415567752018,True,True,True,True
yes_a66911b8e185964e,yes,1,4,0.648384428159508,0.13,0.57,7,0.6669762288902333,0.11078977309375332,0.5469592866763091,0.8811568749776215,0.3341975883013124,0.6362993804642103,GBM_SUSPECTED,2,GBM_SUSPECTED|INDETERMINATE,True,False,True,0.6459000110626221,0.7164703327715135,0.6504984498023987,0.722745496290498,0.7856655716896057,0.8811568749776215,0.5436011552810669,0.5670114691419147,0.5304997563362122,0.5469592866763091,0.6114004850387573,0.6679599328569348,0.5432858467102051,0.5665302095168424,False,False,False,True
yes_b3c83703ca0184fa,yes,1,4,0.648384428159508,0.13,0.57,7,0.2234219324851556,0.10093001483626499,0.10893837588620245,0.3462715113869313,0.23733313550072885,0.5312049932810479,INDETERMINATE,2,GBM_NOT_SUSPECTED|INDETERMINATE,True,True,False,0.3944675922393799,0.34051882485598245,0.23142105340957642,0.135729307715097,0.2038075178861618,0.10893837588620245,0.2478758990764618,0.1529166759290282,0.24494154751300812,0.14978632522235744,0.3984259068965912,0.3462715113869313,0.38703688979148865,0.3297925064004903,False,False,False,True
yes_b8a8b00299f2da21,yes,1,4,0.648384428159508,0.13,0.57,7,0.6802186222560819,0.08565268778853519,0.5891174296271343,0.8275013604593612,0.23838393083222686,0.6267045564425153,GBM_SUSPECTED,1,GBM_SUSPECTED,False,False,False,0.5981111526489258,0.6486745415335463,0.7343255281448364,0.8275013604593612,0.6236293315887451,0.6854280469534597,0.6972432732582092,0.7835694145363964,0.5612130761146545,0.5937617403367647,0.5581419467926025,0.5891174296271343,0.5877747535705566,0.6334778223459102,False,False,False,False
yes_c18a91d081701485,yes,1,4,0.648384428159508,0.13,0.57,7,0.7432685518165734,0.10272214812495646,0.5852691010357349,0.8995153453136414,0.3142462442779065,0.5696102750825344,GBM_SUSPECTED,1,GBM_SUSPECTED,False,False,False,0.5556017756462097,0.5852691010357349,0.5853733420372009,0.6299245879550385,0.8055205345153809,0.8995153453136414,0.7168517112731934,0.8073115537361015,0.6961153149604797,0.7821700380874494,0.7139678001403809,0.8038903240929538,0.6302744746208191,0.6947989124950932,False,False,False,False
yes_c462139e87fd54e1,yes,1,4,0.648384428159508,0.13,0.57,7,0.8658702661653742,0.07882902590198555,0.7167509961461657,0.9364757024942498,0.21972470634808416,0.39416243166160647,GBM_SUSPECTED,1,GBM_SUSPECTED,False,False,False,0.8393198251724243,0.927552337748138,0.8512715101242065,0.9364757024942498,0.7627772688865662,0.8583130571940791,0.8163744807243347,0.9089652028575881,0.8406451344490051,0.9285676249154609,0.6979682445526123,0.7844669418019379,0.6461049318313599,0.7167509961461657,False,False,False,False
yes_c54a901936d151f7,yes,1,4,0.648384428159508,0.13,0.57,7,0.9739656128402957,0.005987000587575318,0.966378831196856,0.982969253921549,0.01659042272469302,0.1206747314123066,GBM_SUSPECTED,1,GBM_SUSPECTED,False,False,False,0.9320240616798401,0.9826735712308454,0.9327399730682373,0.982969253921549,0.9081423282623291,0.9716300765439814,0.9125134348869324,0.9738203884915686,0.9034661054611206,0.969204366627748,0.9070728421211243,0.9710828018695218,0.8982138633728027,0.966378831196856,False,False,False,False
yes_cab80a0ea5bbda93,yes,1,4,0.648384428159508,0.13,0.57,7,0.3521199503521853,0.09155173144942168,0.25344985341141074,0.5262218245447634,0.27277197113335266,0.6487491032418652,INDETERMINATE,1,INDETERMINATE,False,False,False,0.3317129909992218,0.25344985341141074,0.4517641067504883,0.42592317494568765,0.38755592703819275,0.33053856199169307,0.4193528890609741,0.37709199687155975,0.3373831510543823,0.26095426448243314,0.35928329825401306,0.2906599762177491,0.5170108675956726,0.5262218245447634,False,False,False,False
yes_d192bd91e088d489,yes,1,4,0.648384428159508,0.13,0.57,7,0.8950455650285164,0.040521831412773955,0.8203474629119587,0.941276577495236,0.12092911458327726,0.3358345636813108,GBM_SUSPECTED,1,GBM_SUSPECTED,False,False,False,0.8077918887138367,0.9015274383068551,0.8580121397972107,0.941276577495236,0.8069080710411072,0.90074666997588,0.847069263458252,0.933397953202392,0.824226975440979,0.9155399169203471,0.7572023272514343,0.852482936386947,0.7280405163764954,0.8203474629119587,False,False,False,False
yes_e85cd56865119207,yes,1,4,0.648384428159508,0.13,0.57,7,0.9288474502335523,0.01290755136634035,0.9139756437560692,0.9508212791942963,0.03684563543822705,0.2566100839347004,GBM_SUSPECTED,1,GBM_SUSPECTED,False,False,False,0.8418676853179932,0.9294985034865844,0.863554835319519,0.945098146724034,0.8310049176216125,0.9210365792260935,0.8721860647201538,0.9508212791942963,0.8285675644874573,0.9190790768961944,0.8223345279693604,0.9139756437560692,0.8327475190162659,0.922422922351594,False,False,False,False
yes_f4a7b91418b53b36,yes,1,4,0.648384428159508,0.13,0.57,7,0.9382471080435334,0.02452415064511892,0.9029081806951054,0.9642190640456925,0.0613108833505871,0.23176367174395154,GBM_SUSPECTED,1,GBM_SUSPECTED,False,False,False,0.8347487449645996,0.9240014286082635,0.8938446044921875,0.9639473598727347,0.894326388835907,0.9642190640456925,0.8166916966438293,0.9092350796828225,0.8093625903129578,0.9029081806951054,0.8907393217086792,0.9621748116553465,0.857965350151062,0.941243831744768,False,False,False,False
